day,cum_net_r
20120111,-0.0106
20120113,-1.2274
20120118,-2.416
20120119,-1.6338
20120120,-2.7685
20120123,-3.9296
20120131,-3.3739
20120201,-3.6382
20120202,-4.7473
20120206,-5.8906
20120209,-7.1903
20120213,-8.3005
20120213,-8.4314
20120214,-9.5844
20120215,-10.7127
20120216,-10.0632
20120221,-11.1386
20120222,-12.3908
20120227,-9.7621
20120228,-11.1345
20120229,-11.1768
20120301,-10.831
20120305,-12.0978
20120306,-9.1744
20120309,-10.6165
20120314,-11.8101
20120315,-11.538
20120316,-12.7475
20120320,-11.8653
20120321,-13.0214
20120322,-14.2168
20120323,-13.8638
20120326,-13.3671
20120327,-14.5143
20120329,-15.6226
20120330,-15.2542
20120402,-17.2542
20120403,-18.3243
20120410,-15.022
20120411,-16.1056
20120416,-17.2705
20120418,-18.3645
20120419,-19.6487
20120420,-20.7602
20120423,-21.829
20120425,-22.9663
20120426,-21.9597
20120427,-21.3927
20120501,-21.3538
20120504,-22.6756
20120508,-23.7486
20120509,-24.8029
20120510,-23.9561
20120515,-25.0403
20120516,-26.1126
20120517,-25.2712
20120518,-22.6662
20120521,-22.6921
20120523,-23.78
20120524,-24.8376
20120529,-26.5374
20120530,-27.6517
20120531,-28.7395
20120601,-29.8028
20120604,-30.2316
20120615,-28.7965
20120618,-28.246
20120619,-29.3234
20120620,-30.3625
20120620,-31.6139
20120621,-30.6421
20120622,-31.8046
20120627,-30.9878
20120628,-32.1145
20120703,-28.8884
20120705,-29.9876
20120709,-29.0305
20120710,-27.6236
20120711,-27.2601
20120712,-28.3454
20120716,-29.412
20120718,-31.1156
20120719,-30.7621
20120720,-31.831
20120720,-32.1511
20120723,-33.2474
20120724,-31.5895
20120725,-32.6898
20120726,-33.2739
20120727,-33.2833
20120730,-33.08
20120731,-32.3837
20120801,-32.1757
20120802,-31.4334
20120806,-32.5892
20120807,-33.7685
20120808,-34.8862
20120815,-34.9872
20120820,-34.9776
20120821,-36.0693
20120823,-35.8017
20120827,-36.9295
20120828,-36.8913
20120829,-38.048
20120904,-37.2717
20120906,-35.6144
20120910,-36.7368
20120912,-38.0263
20120914,-39.1233
20120919,-40.4539
20120921,-39.3606
20120925,-38.6421
20120926,-37.8413
20120927,-38.9735
20121001,-40.1876
20121004,-41.5178
20121005,-42.6514
20121009,-42.6557
20121010,-42.6823
20121011,-42.3223
20121012,-43.3857
20121015,-44.5047
20121015,-42.6697
20121016,-42.5342
20121017,-41.6125
20121018,-42.7457
20121019,-44.7457
20121022,-44.5934
20121023,-45.6885
20121024,-44.6842
20121025,-45.8027
20121026,-46.8875
20121031,-44.7408
20121101,-42.618
20121107,-40.0559
20121108,-39.0401
20121112,-38.9305
20121116,-38.395
20121119,-39.4928
20121120,-38.9347
20121121,-40.0902
20121123,-36.0262
20121126,-35.7492
20121127,-36.8047
20121130,-37.9127
20121203,-36.9991
20121210,-36.488
20121211,-37.5706
20121213,-37.0537
20121214,-38.1723
20121218,-39.2722
20121221,-40.3675
20121224,-41.5481
20121226,-39.731
20121227,-38.7761
20121228,-39.8482
20130102,-39.3183
20130103,-38.7659
20130104,-39.9632
20130107,-41.1016
20130109,-42.2022
20130110,-41.2623
20130110,-41.1199
20130115,-42.31
20130116,-43.5252
20130117,-44.6524
20130118,-45.8594
20130122,-47.0584
20130123,-48.2008
20130124,-49.4179
20130201,-48.3833
20130206,-49.839
20130211,-49.3178
20130212,-50.4615
20130213,-51.7412
20130219,-53.0065
20130222,-52.6954
20130225,-52.7161
20130311,-53.9279
20130312,-53.8542
20130313,-52.5679
20130314,-53.8361
20130319,-53.2165
20130320,-54.2953
20130321,-55.4193
20130322,-56.5057
20130327,-57.7732
20130328,-55.7864
20130403,-57.8271
20130404,-58.9514
20130408,-58.0639
20130410,-55.718
20130411,-55.4378
20130412,-56.7787
20130417,-57.8595
20130418,-57.0136
20130419,-58.0621
20130422,-59.1406
20130422,-59.277
20130423,-60.3861
20130424,-61.5761
20130425,-61.1844
20130426,-62.2613
20130430,-60.5616
20130506,-59.25
20130507,-60.4577
20130508,-57.4653
20130509,-58.6066
20130510,-59.6696
20130513,-60.8117
20130514,-55.9902
20130515,-57.1323
20130516,-58.2137
20130522,-59.3246
20130529,-60.3846
20130604,-59.7907
20130611,-60.8738
20130612,-60.7125
20130614,-58.8936
20130617,-58.2755
20130620,-59.4237
20130621,-59.2575
20130624,-60.2939
20130625,-59.6216
20130626,-60.7419
20130627,-61.8502
20130701,-61.8347
20130702,-61.7832
20130705,-61.3331
20130708,-62.4551
20130709,-63.6826
20130710,-64.7217
20130711,-64.3828
20130712,-64.2247
20130715,-64.2976
20130717,-65.4021
20130718,-65.4343
20130731,-66.5021
20130801,-65.6069
20130802,-66.7441
20130805,-63.4944
20130806,-64.7069
20130808,-64.7817
20130809,-65.8791
20130809,-65.7271
20130815,-67.2983
20130816,-68.3751
20130819,-69.5068
20130821,-70.6418
20130823,-69.7618
20130826,-68.6522
20130827,-69.7596
20130829,-70.9608
20130830,-69.7079
20130903,-68.0037
20130904,-69.3502
20130905,-70.4369
20130909,-70.4192
20130910,-71.5503
20130911,-70.8527
20130912,-71.9798
20130916,-73.1138
20130917,-72.7001
20130918,-71.9981
20130924,-71.9383
20131001,-71.8545
20131002,-71.5187
20131003,-70.1708
20131007,-72.1707
20131010,-66.4437
20131011,-66.4301
20131015,-68.4301
20131017,-70.6546
20131018,-71.7609
20131021,-72.8765
20131022,-74.1908
20131023,-75.3771
20131025,-76.5098
20131025,-76.2224
20131028,-77.4229
20131029,-77.1972
20131031,-76.5879
20131104,-78.1682
20131105,-79.6935
20131106,-80.868
20131111,-82.2246
20131119,-83.4857
20131120,-84.5984
20131126,-85.7333
20131127,-84.837
20131129,-85.969
20131202,-87.2881
20131202,-87.1799
20131203,-87.033
20131204,-88.0969
20131205,-89.1907
20131209,-90.8431
20131210,-91.9261
20131212,-91.9017
20131213,-91.9606
20131223,-91.76
20131224,-90.4748
20131226,-91.6797
20140103,-93.2656
20140106,-94.4241
20140108,-94.2866
20140113,-95.3964
20140117,-94.655
20140121,-94.5903
20140124,-95.8915
20140127,-95.1152
20140130,-96.256
20140131,-97.5405
20140205,-98.583
20140210,-98.5693
20140211,-97.8862
20140212,-99.1472
20140214,-100.4089
20140218,-101.5232
20140219,-101.4873
20140221,-101.4486
20140224,-102.7905
20140225,-103.8501
20140226,-104.9806
20140227,-105.0148
20140228,-106.07
20140305,-107.231
20140306,-108.3424
20140310,-109.408
20140313,-108.9534
20140314,-108.7055
20140318,-107.2314
20140319,-107.1444
20140324,-108.2433
20140325,-106.9104
20140331,-108.1174
20140401,-108.1999
20140402,-107.9448
20140409,-109.0183
20140415,-108.6866
20140415,-108.8525
20140416,-109.9481
20140417,-109.291
20140421,-110.3843
20140422,-108.3824
20140428,-109.4643
20140429,-110.5256
20140430,-109.6111
20140501,-110.7808
20140502,-111.8497
20140509,-113.057
20140516,-112.9141
20140519,-111.3521
20140521,-112.4635
20140522,-112.2022
20140523,-112.1963
20140527,-111.552
20140528,-112.682
20140529,-109.41
20140530,-109.3328
20140603,-111.187
20140604,-110.4227
20140605,-108.0553
20140606,-108.1462
20140609,-109.3314
20140611,-110.4957
20140612,-107.947
20140613,-109.0335
20140616,-110.1352
20140617,-109.8282
20140618,-109.665
20140620,-110.9124
20140623,-112.0334
20140626,-113.3297
20140627,-114.5148
20140701,-115.8876
20140702,-117.053
20140708,-117.09
20140709,-118.1981
20140710,-118.1968
20140714,-119.468
20140717,-120.5825
20140717,-122.3306
20140721,-123.4131
20140722,-125.1621
20140723,-126.2583
20140724,-127.4646
20140725,-128.5692
20140730,-127.316
20140731,-128.4298
20140801,-129.5844
20140804,-128.4411
20140811,-127.9117
20140818,-127.1299
20140819,-128.2718
20140820,-127.8542
20140821,-128.9744
20140822,-130.0278
20140825,-129.9142
20140826,-131.0724
20140827,-131.2948
20140829,-132.3807
20140908,-131.2153
20140909,-128.7914
20140910,-128.5486
20140916,-129.8821
20140923,-129.9033
20140924,-130.9618
20140925,-129.461
20140930,-130.5415
20141001,-131.6287
20141002,-131.3145
20141006,-130.4765
20141009,-129.9223
20141010,-129.5819
20141013,-128.768
20141014,-129.8105
20141015,-130.8512
20141020,-130.52
20141021,-130.3478
20141022,-131.4055
20141023,-131.1914
20141024,-130.5844
20141027,-130.4874
20141028,-131.5899
20141029,-132.6741
20141030,-132.0978
20141103,-133.2654
20141105,-132.9882
20141110,-132.7335
20141111,-133.8739
20141112,-135.0001
20141114,-134.6687
20141119,-135.7395
20141125,-134.8972
20141203,-136.4034
20141210,-137.493
20141212,-137.4934
20141215,-136.266
20141219,-135.2715
20141223,-136.6528
20141224,-137.9743
20141226,-138.7784
20141229,-138.4494
20141230,-140.2043
20141231,-138.4485
20150102,-137.569
20150105,-134.7066
20150106,-134.464
20150107,-135.5178
20150112,-134.6123
20150114,-135.6812
20150115,-136.7139
20150121,-137.7516
20150122,-137.3815
20150123,-138.4726
20150127,-137.9314
20150128,-137.4144
20150130,-138.4606
20150202,-139.5141
20150203,-139.515
20150204,-140.6099
20150205,-139.7447
20150206,-139.4615
20150209,-139.1913
20150210,-138.5549
20150211,-139.6767
20150212,-139.1169
20150213,-140.3363
20150217,-141.4647
20150218,-141.4187
20150219,-139.8951
20150223,-141.0296
20150224,-140.1592
20150225,-138.4911
20150227,-137.7602
20150304,-136.9124
20150306,-136.9878
20150310,-136.8891
20150311,-137.9653
20150316,-133.814
20150317,-134.9236
20150318,-136.1587
20150320,-135.8958
20150324,-135.0816
20150325,-136.1398
20150326,-137.2033
20150327,-138.2696
20150331,-139.5243
20150402,-138.0744
20150406,-137.5266
20150407,-138.6881
20150408,-138.6708
20150409,-137.8061
20150409,-138.1659
20150410,-136.6259
20150413,-137.8823
20150414,-138.9657
20150415,-136.8418
20150416,-137.9448
20150423,-139.454
20150424,-138.6832
20150427,-138.6906
20150429,-139.7817
20150430,-136.3896
20150506,-133.2017
20150508,-130.3573
20150511,-130.3115
20150512,-130.0838
20150518,-131.2662
20150519,-132.4218
20150521,-133.8072
20150526,-132.6342
20150528,-133.7141
20150529,-132.6344
20150601,-133.6998
20150603,-134.8589
20150604,-134.916
20150610,-136.1363
20150617,-136.1877
20150619,-137.445
20150623,-139.0544
20150624,-140.2213
20150625,-139.4256
20150626,-139.2815
20150629,-139.1964
20150630,-138.1264
20150706,-139.1929
20150707,-138.395
20150710,-138.2352
20150713,-139.3123
20150714,-138.7786
20150715,-139.9989
20150717,-139.7357
20150720,-140.8992
20150721,-142.0471
20150723,-141.7977
20150724,-140.5069
20150728,-140.3348
20150730,-138.5919
20150804,-139.6915
20150806,-140.9577
20150807,-140.9992
20150814,-142.2548
20150817,-140.9669
20150820,-140.2277
20150821,-139.1037
20150825,-140.1738
20150826,-140.0874
20150827,-139.633
20150828,-139.2704
20150831,-140.3312
20150901,-139.0215
20150902,-140.0782
20150908,-141.177
20150910,-137.1372
20150918,-138.2279
20150918,-139.2659
20150923,-140.3395
20150924,-141.5417
20150925,-142.6173
20150929,-143.7076
20150930,-143.3637
20151007,-144.4332
20151012,-145.5408
20151014,-144.7578
20151016,-144.4131
20151019,-143.1593
20151020,-142.5093
20151023,-143.5823
20151027,-144.7277
20151029,-144.4989
20151030,-145.613
20151103,-145.3269
20151105,-146.4179
20151105,-147.9263
20151106,-147.2573
20151109,-148.3271
20151110,-148.1831
20151118,-149.2816
20151119,-150.3347
20151123,-151.4004
20151130,-152.5146
20151201,-153.5849
20151203,-154.6983
20151208,-155.7334
20151209,-157.0094
20151214,-158.0597
20151216,-157.7235
20151221,-158.7737
20151231,-158.2055
20160104,-159.238
20160105,-160.283
20160106,-158.2408
20160108,-157.964
20160111,-156.8794
20160112,-157.9382
20160115,-158.9698
20160119,-158.9462
20160120,-158.3321
20160121,-159.3543
20160122,-160.3989
20160125,-159.8472
20160126,-160.8863
20160127,-162.1305
20160128,-161.221
20160201,-162.2884
20160203,-163.338
20160204,-163.2471
20160205,-163.2442
20160208,-164.269
20160210,-165.365
20160218,-166.5693
20160222,-167.7066
20160229,-168.9347
20160302,-170.2334
20160303,-171.3364
20160304,-169.8121
20160307,-170.872
20160308,-170.0142
20160309,-171.0729
20160314,-172.1523
20160318,-173.3857
20160321,-174.5122
20160328,-175.6564
20160329,-174.7369
20160331,-174.6026
20160405,-174.2646
20160408,-175.697
20160411,-174.9624
20160419,-176.1609
20160420,-176.2086
20160425,-175.8391
20160427,-176.9354
20160428,-178.1064
20160428,-177.6211
20160429,-176.7846
20160503,-177.8352
20160505,-178.8936
20160512,-180.2731
20160517,-180.3094
20160519,-180.1849
20160525,-181.3082
20160527,-182.5005
20160531,-182.5048
20160602,-179.6925
20160606,-181.0164
20160607,-179.6313
20160608,-180.8035
20160609,-181.8852
20160610,-183.122
20160613,-183.0843
20160614,-182.7408
20160615,-181.9668
20160616,-180.8421
20160617,-181.1364
20160621,-182.2114
20160623,-183.3655
20160624,-184.399
20160627,-183.0355
20160628,-184.117
20160629,-183.3483
20160630,-182.5419
20160701,-183.6356
20160706,-183.4143
20160708,-175.9219
20160711,-177.129
20160712,-178.2815
20160714,-179.3561
20160729,-180.6399
20160801,-179.9304
20160803,-181.087
20160805,-179.7218
20160818,-181.4829
20160819,-181.0611
20160824,-179.0208
20160830,-177.3665
20160831,-177.8067
20160901,-176.2835
20160907,-177.4216
20160908,-178.505
20160908,-179.6628
20160913,-178.3582
20160914,-179.518
20160915,-179.3251
20160916,-179.5478
20160919,-180.9907
20160921,-180.9941
20160922,-182.0869
20160926,-183.2513
20160928,-183.2202
20160928,-182.4217
20160929,-181.4818
20161006,-182.6023
20161006,-183.8106
20161017,-185.2494
20161018,-183.8236
20161019,-185.2349
20161020,-186.3972
20161024,-186.5864
20161025,-187.8088
20161025,-185.8473
20161028,-186.2211
20161031,-185.7872
20161101,-177.3977
20161102,-178.4742
20161103,-179.5865
20161108,-180.7067
20161109,-180.3293
20161115,-180.0051
20161116,-181.3028
20161117,-182.4463
20161123,-180.9909
20161202,-182.3383
20161205,-183.6011
20161206,-182.9855
20161207,-182.8832
20161208,-184.1112
20161209,-182.1993
20161212,-181.6275
20161213,-182.8289
20161214,-183.9735
20161221,-185.1366
20161222,-185.2517
20161223,-186.7335
20161227,-187.8316
20161229,-188.4
20161230,-187.0487
20170104,-186.9386
20170105,-188.2283
20170106,-187.5388
20170109,-188.7
20170110,-187.3208
20170111,-187.1479
20170123,-188.5968
20170127,-190.0482
20170130,-189.3324
20170131,-190.5787
20170201,-187.4817
20170203,-188.9332
20170206,-190.0454
20170208,-188.6995
20170210,-187.4649
20170213,-186.5811
20170214,-185.6086
20170215,-186.9314
20170217,-188.0122
20170222,-189.6403
20170301,-190.7555
20170303,-192.4482
20170306,-193.6061
20170307,-194.0867
20170308,-195.1724
20170309,-194.9748
20170314,-196.2711
20170320,-196.8532
20170321,-194.1898
20170322,-195.2461
20170323,-197.1162
20170324,-198.2058
20170324,-195.2224
20170329,-196.3098
20170331,-197.4671
20170404,-198.5646
20170405,-199.8746
20170407,-200.925
20170410,-200.628
20170411,-200.4868
20170412,-200.3979
20170413,-200.3203
20170419,-201.4237
20170420,-199.9065
20170424,-201.032
20170425,-202.1902
20170426,-202.1112
20170428,-200.2586
20170501,-201.3869
20170503,-202.7291
20170505,-201.8408
20170512,-201.5903
20170515,-202.8112
20170522,-202.2232
20170523,-201.2083
20170524,-200.7517
20170525,-199.5263
20170526,-199.5898
20170530,-200.757
20170531,-200.4283
20170601,-198.099
20170602,-196.7796
20170605,-197.9768
20170607,-197.0681
20170608,-198.128
20170609,-199.2392
20170616,-200.494
20170627,-201.5965
20170629,-202.7052
20170630,-203.7767
20170706,-204.9621
20170710,-206.4951
20170711,-206.2375
20170712,-207.4017
20170713,-208.5293
20170714,-209.7679
20170717,-210.3675
20170721,-211.5328
20170724,-212.7205
20170724,-212.6147
20170725,-213.9176
20170803,-213.9445
20170807,-212.9421
20170808,-211.0194
20170811,-212.1324
20170814,-214.301
20170816,-213.0001
20170817,-214.1001
20170821,-213.8938
20170823,-215.5267
20170828,-216.9119
20170831,-216.5997
20170901,-216.4468
20170911,-217.7056
20170912,-219.0739
20170913,-218.772
20170914,-218.022
20170918,-219.154
20170921,-220.2726
20170925,-221.6835
20170927,-222.1767
20170928,-221.7689
20170929,-220.7717
20171002,-222.0643
20171003,-220.6731
20171004,-221.9159
20171005,-223.0881
20171006,-224.2162
20171010,-225.4987
20171011,-224.1025
20171012,-223.4731
20171013,-223.3049
20171017,-224.5347
20171020,-225.7378
20171026,-226.5875
20171030,-227.7083
20171031,-228.9376
20171102,-230.13
20171106,-229.1201
20171107,-230.3242
20171116,-229.9528
20171117,-231.0875
20171120,-230.962
20171128,-223.7474
20171129,-224.9114
20171130,-223.5953
20171201,-224.6703
20171205,-225.7932
20171207,-224.1678
20171208,-225.4812
20171211,-224.3627
20171212,-225.6521
20171213,-226.9207
20171221,-228.3008
20180104,-230.0888
20180105,-229.3409
20180108,-229.2107
20180109,-230.3829
20180112,-231.8684
20180116,-233.035
20180117,-234.1233
20180123,-235.3732
20180124,-236.4472
20180130,-238.1036
20180208,-239.1442
20180209,-237.9199
20180212,-237.8772
20180215,-237.6999
20180216,-236.0873
20180220,-237.1414
20180220,-236.0869
20180222,-235.7619
20180223,-235.5328
20180301,-235.4834
20180307,-236.5703
20180308,-237.6251
20180309,-232.9152
20180312,-233.998
20180314,-235.1288
20180315,-236.2232
20180316,-237.4231
20180319,-237.4169
20180320,-238.4947
20180323,-239.5477
20180326,-233.9381
20180329,-232.6166
20180403,-231.5803
20180404,-229.8037
20180405,-229.5497
20180406,-230.5886
20180410,-231.6384
20180410,-232.7304
20180411,-233.7894
20180413,-235.1319
20180419,-236.2078
20180423,-237.3079
20180424,-236.9306
20180502,-238.0071
20180504,-237.4094
20180507,-238.6438
20180508,-239.7986
20180510,-241.0349
20180511,-242.0994
20180514,-241.175
20180517,-242.4119
20180518,-243.537
20180524,-242.3329
20180529,-241.095
20180605,-241.0875
20180606,-238.078
20180607,-238.0934
20180608,-237.4112
20180611,-238.8971
20180612,-240.0832
20180614,-241.589
20180615,-242.6454
20180619,-243.7329
20180622,-244.979
20180625,-243.6417
20180709,-245.0279
20180710,-246.1747
20180711,-247.2672
20180713,-248.7541
20180718,-250.5462
20180725,-250.4548
20180726,-251.6483
20180727,-253.081
20180730,-254.2316
20180731,-255.3792
20180731,-254.3524
20180801,-253.8589
20180808,-255.1184
20180809,-256.6808
20180810,-256.1987
20180813,-255.6921
20180814,-256.9071
20180815,-258.0551
20180816,-257.7675
20180817,-258.9054
20180820,-260.1837
20180821,-261.3457
20180822,-262.4425
20180824,-263.5766
20180827,-262.51
20180829,-263.6324
20180829,-262.7366
20180830,-263.8425
20180831,-263.6807
20180904,-264.8982
20180905,-264.6937
20180906,-264.1526
20180907,-265.5194
20180910,-266.6122
20180911,-266.3285
20180912,-266.9682
20180913,-268.1251
20180917,-269.3031
20180920,-270.4607
20180925,-267.8906
20180926,-269.0476
20181002,-269.016
20181003,-270.3198
20181005,-271.3918
20181008,-270.7242
20181009,-271.7974
20181009,-272.8748
20181011,-268.1797
20181012,-269.2178
20181017,-268.6929
20181018,-269.7532
20181019,-270.8101
20181022,-272.3657
20181023,-273.3899
20181024,-273.1435
20181026,-272.9738
20181101,-271.9293
20181105,-273.0254
20181107,-272.3746
20181108,-273.4981
20181114,-273.2224
20181115,-272.7482
20181116,-273.8472
20181120,-274.8997
20181126,-275.9817
20181127,-275.8315
20181128,-275.7195
20181129,-276.8839
20181130,-274.316
20181206,-275.3615
20181207,-274.8854
20181210,-275.9085
20181211,-275.7686
20181214,-276.8275
20181217,-275.371
20181218,-276.4017
20181221,-277.4606
20181224,-278.4791
20181226,-277.6556
20181227,-278.6732
20190102,-278.3724
20190103,-277.2411
20190107,-276.4499
20190109,-277.485
20190110,-277.1336
20190111,-278.1958
20190114,-277.4006
20190115,-278.5262
20190116,-279.6276
20190117,-279.548
20190118,-277.8187
20190123,-273.7927
20190124,-274.874
20190125,-275.9973
20190129,-277.0891
20190131,-278.2978
20190201,-279.3293
20190204,-280.3912
20190205,-281.4985
20190207,-283.8695
20190208,-283.2124
20190212,-284.484
20190214,-283.0377
20190215,-284.1995
20190219,-283.232
20190220,-284.339
20190221,-285.4558
20190225,-286.5527
20190226,-287.6109
20190228,-288.8366
20190307,-289.9253
20190308,-291.0882
20190312,-292.7431
20190313,-291.3842
20190314,-292.4732
20190318,-292.468
20190319,-293.5813
20190325,-294.6542
20190327,-296.4459
20190328,-296.3074
20190329,-296.5949
20190401,-295.3199
20190402,-296.811
20190403,-297.8886
20190404,-299.0993
20190405,-300.4006
20190408,-301.5118
20190409,-302.6973
20190410,-303.7838
20190422,-304.9796
20190423,-306.1871
20190424,-307.3946
20190503,-308.4969
20190507,-309.854
20190509,-310.896
20190510,-310.2747
20190516,-311.4803
20190517,-310.8186
20190522,-311.913
20190524,-311.5782
20190528,-309.9419
20190530,-311.0451
20190531,-311.4445
20190603,-312.4765
20190606,-313.6143
20190607,-310.6631
20190610,-311.7539
20190612,-310.9207
20190613,-311.9689
20190621,-313.0887
20190624,-314.2684
20190626,-315.447
20190627,-316.5135
20190628,-317.5906
20190702,-317.571
20190705,-317.6712
20190708,-318.7692
20190710,-319.9355
20190719,-321.7352
20190722,-321.4243
20190724,-323.4242
20190730,-324.869
20190801,-325.9789
20190802,-327.0129
20190806,-328.8071
20190807,-325.7849
20190808,-323.2557
20190812,-324.2961
20190812,-325.7338
20190814,-326.7749
20190815,-327.8208
20190819,-327.799
20190820,-328.8703
20190821,-329.6855
20190823,-328.9412
20190826,-328.3878
20190828,-327.8686
20190829,-328.9329
20190903,-327.9731
20190905,-329.2397
20190906,-330.3193
20190911,-331.5857
20190912,-331.2104
20190913,-332.316
20190925,-330.981
20190926,-332.0589
20191001,-332.0039
20191003,-333.1183
20191007,-334.1972
20191009,-335.3215
20191010,-335.1314
20191011,-334.8712
20191014,-335.946
20191015,-334.4951
20191016,-335.6028
20191017,-335.6198
20191018,-336.7221
20191018,-336.3874
20191021,-337.4615
20191021,-338.728
20191022,-339.885
20191025,-341.0279
20191028,-342.1622
20191029,-340.7645
20191105,-342.1686
20191108,-343.5947
20191111,-343.3167
20191112,-344.7668
20191113,-343.5492
20191118,-343.2254
20191120,-344.3667
20191125,-341.1384
20191126,-340.9119
20191127,-342.195
20191203,-343.2457
20191205,-342.8027
20191206,-344.0164
20191209,-345.1782
20191211,-346.374
20191212,-347.5192
20191213,-346.5074
20191216,-347.6201
20191219,-348.8282
20191220,-348.7933
20191226,-350.4718
20191230,-349.6506
20200102,-349.661
20200103,-350.7687
20200107,-351.9363
20200108,-353.0442
20200109,-354.1634
20200114,-355.453
20200116,-356.6647
20200117,-357.8171
20200121,-356.2574
20200124,-356.3573
20200129,-356.3946
20200131,-357.5347
20200204,-358.884
20200205,-359.9682
20200206,-361.0751
20200207,-362.2012
20200212,-363.3845
20200213,-364.472
20200218,-365.5164
20200221,-366.6596
20200224,-367.701
20200225,-366.6042
20200226,-365.6981
20200227,-366.7143
20200228,-366.6672
20200309,-367.6858
20200310,-362.4969
20200310,-363.512
20200312,-364.5412
20200313,-365.5494
20200318,-365.4386
20200324,-366.4573
20200326,-366.1805
20200408,-367.2087
20200409,-368.2351
20200414,-369.2621
20200415,-370.3039
20200416,-371.332
20200420,-372.4839
20200422,-373.5082
20200428,-369.4933
20200508,-370.6443
20200511,-371.7168
20200519,-373.2468
20200527,-372.8071
20200528,-372.4929
20200529,-373.5371
20200601,-373.2406
20200602,-374.4292
20200603,-372.2734
20200604,-373.3145
20200605,-374.9916
20200608,-373.063
20200609,-373.0559
20200610,-374.3519
20200612,-374.1569
20200617,-375.2747
20200619,-374.6568
20200630,-375.7758
20200706,-375.5855
20200707,-376.6282
20200707,-375.2901
20200708,-374.7772
20200709,-374.4906
20200714,-374.4475
20200716,-375.4959
20200717,-376.5695
20200721,-377.7628
20200727,-379.0076
20200728,-378.4417
20200731,-377.6583
20200803,-378.7023
20200804,-372.5718
20200805,-371.7652
20200806,-371.7069
20200807,-371.4666
20200810,-372.5626
20200811,-373.6213
20200813,-374.8595
20200814,-374.6989
20200817,-375.9663
20200818,-377.1265
20200819,-378.2409
20200821,-379.6437
20200824,-379.4639
20200825,-380.6982
20200826,-380.1157
20200827,-381.1461
20200831,-382.3771
20200901,-380.6221
20200902,-381.6972
20200904,-382.7346
20200908,-383.7588
20200910,-383.2036
20200911,-384.2235
20200916,-384.1296
20200921,-385.1603
20200922,-384.8813
20200924,-384.4001
20200925,-384.3062
20200928,-382.4601
20200929,-383.5134
20200930,-383.2556
20201005,-382.9791
20201006,-384.0557
20201008,-385.2726
20201009,-386.5436
20201012,-379.6947
20201014,-380.7457
20201014,-381.7936
20201019,-380.2339
20201021,-381.402
20201022,-382.4591
20201023,-383.5441
20201026,-384.6414
20201027,-385.6742
20201030,-385.6763
20201102,-386.7256
20201104,-388.0139
20201105,-387.2126
20201109,-388.2394
20201112,-389.2871
20201113,-390.3623
20201118,-391.4144
20201120,-390.4413
20201123,-391.4936
20201202,-392.9765
20201203,-394.0611
20201204,-392.5683
20201207,-393.651
20201215,-391.3933
20201216,-392.4587
20201218,-391.1862
20201221,-392.2049
20201222,-392.2696
20201224,-392.2141
20201228,-392.0902
20201230,-393.2195
20210107,-392.6706
20210111,-392.1936
20210112,-391.7626
20210113,-392.8049
20210114,-392.8427
20210115,-392.0807
20210119,-393.1391
20210119,-393.2533
20210120,-388.3956
20210121,-388.2142
20210122,-387.7709
20210125,-388.8255
20210126,-389.9387
20210127,-389.523
20210129,-389.1863
20210201,-388.6323
20210205,-389.7724
20210208,-390.8629
20210209,-391.9487
20210211,-393.1676
20210217,-392.7905
20210218,-393.8305
20210219,-392.6863
20210223,-392.5479
20210226,-392.3978
20210303,-393.5166
20210304,-393.3457
20210305,-394.3893
20210309,-393.714
20210310,-393.3148
20210311,-394.3756
20210312,-395.4538
20210317,-396.51
20210318,-396.2682
20210324,-397.3463
20210325,-398.4104
20210326,-399.4967
20210329,-398.5266
20210330,-399.6016
20210405,-392.647
20210406,-391.1639
20210407,-392.2642
20210412,-393.3409
20210413,-393.1867
20210414,-394.27
20210416,-395.4443
20210420,-394.794
20210422,-395.8968
20210426,-397.1983
20210428,-398.3057
20210430,-399.4368
20210504,-400.8602
20210505,-400.5079
20210506,-400.318
20210507,-402.5097
20210512,-399.2422
20210524,-398.7352
20210526,-399.8461
20210528,-401.0275
20210602,-401.0198
20210611,-399.7332
20210617,-400.7952
20210618,-400.4353
20210622,-401.8808
20210623,-401.5649
20210624,-402.7771
20210625,-403.9813
20210630,-405.1068
20210707,-406.1749
20210709,-402.7386
20210712,-401.0357
20210713,-400.181
20210715,-401.2742
20210716,-399.8204
20210719,-399.4957
20210722,-398.0461
20210723,-397.7459
20210726,-398.8703
20210728,-399.989
20210730,-399.2007
20210804,-400.4314
20210805,-401.5419
20210810,-403.0386
20210812,-404.1857
20210813,-405.3057
20210816,-405.0509
20210817,-406.1213
20210818,-405.3257
20210820,-405.2567
20210823,-406.3671
20210824,-406.1443
20210825,-407.3419
20210903,-407.4117
20210908,-406.5554
20210909,-405.9926
20210910,-407.4507
20210913,-406.8299
20210914,-406.9065
20210916,-406.7118
20210920,-406.3586
20210921,-407.3859
20210923,-405.429
20210924,-405.3701
20210927,-406.4472
20210928,-407.5374
20210929,-408.6267
20210930,-406.9922
20211001,-408.0187
20211006,-409.0585
20211006,-408.2035
20211007,-409.2455
20211011,-408.1267
20211011,-407.5697
20211012,-408.5999
20211013,-408.3007
20211015,-409.6043
20211018,-409.2805
20211019,-408.7324
20211020,-409.8017
20211021,-408.3468
20211022,-409.4192
20211025,-410.8998
20211026,-412.0019
20211027,-411.9374
20211027,-411.3129
20211028,-409.5421
20211029,-410.6672
20211102,-410.6416
20211104,-412.6416
20211105,-413.7089
20211109,-414.8753
20211110,-411.9817
20211111,-413.0932
20211117,-414.21
20211119,-414.0613
20211122,-415.1595
20211123,-416.2333
20211130,-415.1552
20211202,-416.2034
20211207,-417.372
20211208,-416.1806
20211210,-416.1722
20211215,-417.2177
20211222,-417.0063
20211223,-416.4633
20211227,-410.1431
20211228,-409.8301
20211229,-411.2817
20220103,-412.5734
20220107,-411.878
20220110,-410.5255
20220118,-411.6057
20220119,-410.5061
20220125,-411.5337
20220126,-412.5864
20220128,-412.261
20220202,-413.3291
20220203,-414.3933
20220204,-415.4205
20220207,-414.969
20220209,-414.7024
20220210,-413.5814
20220218,-414.6377
20220222,-408.4672
20220223,-407.7664
20220225,-408.788
20220301,-410.7019
20220302,-410.7134
20220304,-411.7599
20220307,-410.5041
20220308,-411.5274
20220309,-412.5552
20220310,-411.1823
20220316,-412.2821
20220317,-411.1975
20220318,-411.0264
20220322,-410.0948
20220323,-409.9177
20220323,-411.0238
20220325,-412.0987
20220328,-413.1618
20220329,-414.2211
20220330,-415.3151
20220331,-416.711
20220401,-416.192
20220405,-415.8179
20220406,-416.883
20220407,-417.9117
20220408,-418.9918
20220412,-418.2069
20220414,-417.9335
20220418,-419.0065
20220419,-414.9322
20220426,-410.6418
20220427,-410.3212
20220428,-410.3516
20220502,-411.3963
20220504,-412.4624
20220506,-413.5094
20220509,-414.5358
20220510,-415.5571
20220512,-416.5896
20220516,-417.6368
20220517,-418.696
20220520,-418.0114
20220524,-418.6902
20220525,-418.6099
20220526,-418.389
20220527,-418.1256
20220531,-417.4091
20220601,-418.4773
20220602,-419.4939
20220607,-419.1867
20220609,-418.0434
20220610,-419.0652
20220613,-420.0882
20220614,-419.398
20220617,-420.443
20220622,-419.8556
20220623,-420.999
20220629,-422.0362
20220701,-421.7582
20220706,-422.1593
20220707,-423.2085
20220708,-423.1426
20220711,-422.9855
20220712,-424.0085
20220714,-425.0331
20220715,-423.8418
20220720,-424.9628
20220721,-425.986
20220725,-425.7803
20220726,-426.8505
20220801,-428.1681
20220802,-427.5053
20220804,-428.602
20220805,-428.1941
20220811,-429.3099
20220812,-424.9002
20220815,-424.644
20220816,-424.4866
20220819,-425.7327
20220822,-425.0316
20220823,-426.0941
20220825,-424.5282
20220830,-423.7071
20220831,-423.2895
20220901,-424.3199
20220902,-425.3486
20220906,-424.4204
20220908,-422.7425
20220909,-422.7822
20220912,-423.8399
20220914,-424.8837
20220915,-424.6178
20220916,-425.6755
20220920,-426.7166
20220926,-425.6473
20220927,-425.2334
20220930,-424.8833
20221004,-425.9622
20221005,-425.6394
20221010,-425.5228
20221011,-425.0814
20221017,-426.1334
20221019,-425.0327
20221025,-425.6735
20221026,-424.9208
20221027,-425.9911
20221031,-427.0472
20221102,-428.8755
20221104,-429.8944
20221114,-429.3375
20221118,-430.4011
20221121,-431.5955
20221123,-431.6588
20221125,-432.0748
20221129,-431.9923
20221130,-433.0735
20221130,-434.233
20221201,-435.3066
20221202,-435.196
20221206,-431.1429
20221207,-432.2251
20221208,-433.2896
20221214,-432.5061
20221215,-431.6877
20221216,-431.1889
20221219,-431.1876
20230104,-430.709
20230105,-431.7523
20230110,-432.7882
20230111,-428.6629
20230112,-429.712
20230113,-428.0422
20230117,-429.0794
20230123,-430.2411
20230124,-431.2735
20230126,-430.7871
20230131,-431.9266
20230201,-432.9747
20230203,-434.0295
20230206,-435.1366
20230207,-434.5263
20230209,-434.3156
20230214,-434.1874
20230215,-435.2307
20230216,-435.2862
20230217,-435.099
20230221,-432.8981
20230222,-432.517
20230224,-433.6032
20230301,-433.6179
20230310,-434.6781
20230316,-435.8263
20230321,-435.4657
20230322,-435.1477
20230323,-434.3013
20230324,-435.3352
20230327,-434.7322
20230328,-434.4613
20230331,-429.1641
20230403,-430.2189
20230405,-430.0124
20230410,-426.7558
20230411,-427.8897
20230419,-426.3465
20230421,-427.4067
20230426,-427.2044
20230505,-428.323
20230510,-429.3561
20230516,-430.4748
20230523,-429.763
20230524,-428.691
20230525,-429.7602
20230531,-430.8374
20230612,-428.5099
20230614,-427.8284
20230621,-428.9034
20230626,-428.947
20230628,-430.5883
20230629,-431.6656
20230630,-429.74
20230703,-430.8665
20230705,-431.9786
20230711,-433.1654
20230713,-434.2914
20230714,-435.5257
20230717,-433.0389
20230718,-432.5967
20230719,-433.8963
20230721,-435.0976
20230724,-436.203
20230725,-435.5885
20230726,-435.4336
20230727,-434.6066
20230731,-433.8632
20230801,-434.9755
20230801,-437.1948
20230802,-436.7749
20230803,-437.8199
20230804,-438.8545
20230808,-439.9984
20230809,-439.7949
20230814,-441.0383
20230817,-440.9587
20230821,-439.1417
20230821,-437.9356
20230823,-436.0456
20230825,-437.1065
20230829,-436.0964
20230830,-437.14
20230831,-438.2121
20230906,-438.2088
20230908,-439.2935
20230913,-438.9681
20230914,-440.0408
20230919,-438.8321
20230920,-438.6675
20230921,-438.5048
20230922,-438.0207
20230927,-439.2168
20231002,-440.259
20231003,-441.2823
20231004,-442.3181
20231006,-443.364
20231009,-442.8388
20231010,-442.6861
20231013,-441.6796
20231016,-443.4611
20231017,-441.3258
20231018,-439.17
20231019,-440.2434
20231020,-439.8941
20231024,-439.8815
20231026,-440.9443
20231027,-442.0084
20231030,-441.2729
20231031,-441.2042
20231101,-440.2687
20231102,-437.4927
20231103,-438.5397
20231107,-439.7514
20231108,-440.8753
20231110,-440.3172
20231113,-437.991
20231114,-436.2888
20231115,-437.3669
20231116,-436.5411
20231116,-438.1197
20231121,-439.2846
20231128,-437.0311
20231129,-438.1247
20231204,-439.4239
20231208,-439.1503
20231211,-440.3033
20231212,-439.6179
20231213,-440.8084
20231215,-441.8556
20231219,-442.963
20231220,-441.4227
20231222,-442.5189
20231227,-442.4204
20240102,-443.486
20240103,-444.5866
20240105,-445.6553
20240109,-439.9239
20240110,-441.2673
20240116,-442.3742
20240117,-443.4847
20240118,-443.5321
20240122,-444.5994
20240125,-445.665
20240129,-446.8798
20240130,-448.0593
20240208,-447.6436
20240209,-445.7434
20240212,-445.4215
20240213,-447.1692
20240214,-445.102
20240215,-444.5566
20240216,-444.2306
20240221,-444.0786
20240301,-444.0796
20240304,-445.2219
20240305,-446.278
20240306,-447.3999
20240308,-448.4487
20240313,-449.5669
20240314,-450.747
20240315,-451.8282
20240319,-448.9168
20240320,-448.7477
20240322,-449.9023
20240326,-451.1758
20240327,-450.2593
20240327,-449.9207
20240328,-451.0399
20240402,-452.1655
20240404,-451.8814
20240410,-452.9076
20240411,-451.5822
20240415,-450.04
20240416,-451.1169
20240417,-449.5614
20240422,-450.6788
20240430,-449.8326
20240501,-450.9662
20240502,-450.3189
20240503,-449.752
20240508,-450.9224
20240509,-448.3172
20240514,-449.4057
20240517,-450.5445
20240520,-451.6697
20240521,-448.6699
20240522,-449.8486
20240528,-449.6092
20240530,-450.6597
20240531,-450.3772
20240604,-451.4345
20240607,-450.1566
20240610,-449.0668
20240618,-449.1387
20240620,-450.2129
20240624,-451.4882
20240626,-452.6212
20240627,-453.6766
20240701,-454.8957
20240710,-442.4543
20240711,-443.5282
20240712,-438.4581
20240715,-437.4627
20240716,-438.5703
20240718,-440.2559
20240719,-439.89
20240722,-440.9218
20240722,-442.0376
20240723,-443.1231
20240729,-444.236
20240802,-445.3199
20240809,-446.3487
20240812,-447.4415
20240813,-448.4982
20240814,-447.8679
20240815,-446.1508
20240816,-444.8999
20240819,-435.3618
20240820,-434.7516
20240821,-435.9907
20240823,-437.0294
20240827,-436.0725
20240904,-435.8461
20240905,-434.4535
20240906,-433.9243
20240909,-435.0066
20240910,-434.5822
20240920,-435.6728
20240923,-436.7653
20240927,-436.6612
20241001,-436.2566
20241003,-437.3909
20241004,-436.372
20241008,-435.1078
20241009,-436.305
20241010,-437.3778
20241011,-438.627
20241014,-437.512
20241016,-437.474
20241018,-438.6232
20241021,-438.4275
20241024,-439.6633
20241030,-440.9623
20241104,-442.0192
20241105,-442.0129
20241106,-439.4325
20241107,-437.8377
20241108,-436.7661
20241112,-438.0569
20241113,-439.126
20241113,-438.6417
20241121,-438.6056
20241122,-439.6587
20241126,-440.7945
20241129,-440.3946
20241202,-441.5866
20241205,-442.6953
20241209,-443.8503
20241210,-444.9738
20241212,-446.0692
20241213,-447.2368
20241217,-448.3834
20241223,-448.3385
20241226,-448.1266
20241227,-449.2713
20241230,-450.3184
20241231,-449.9627
20250107,-451.0313
20250108,-452.1016
20250110,-451.3823
20250114,-450.974
20250115,-450.6799
20250121,-449.4547
20250122,-449.2208
20250123,-446.9538
20250124,-448.1166
20250127,-449.1812
20250128,-447.9951
20250129,-449.0778
20250130,-448.0886
20250131,-448.1383
20250204,-445.749
20250206,-447.4872
20250211,-449.4209
20250213,-450.8357
20250214,-452.0325
20250221,-451.5374
20250224,-450.5745
20250225,-450.0431
20250226,-450.544
20250227,-451.6552
20250228,-452.7006
20250305,-452.663
20250311,-453.8214
20250312,-451.8203
20250317,-452.8546
20250319,-451.8502
20250320,-452.9772
20250324,-452.8627
20250325,-452.6817
20250401,-452.6892
20250402,-452.0621
20250403,-452.1418
20250404,-451.5618
20250409,-452.5747
20250411,-453.5869
20250415,-454.6292
20250416,-455.6567
20250417,-454.6777
20250421,-451.0547
20250424,-450.76
20250425,-450.83
20250429,-450.8217
20250430,-450.4197
20250502,-450.3963
20250505,-451.5385
20250506,-450.4342
20250508,-450.4478
20250512,-451.4991
20250513,-448.1398
20250516,-449.2871
20250519,-451.3657
20250520,-452.5443
20250530,-452.3395
20250602,-452.2675
20250602,-451.4478
20250603,-450.4847
20250610,-450.2726
20250613,-449.9938
20250617,-451.1568
20250618,-450.9678
20250620,-449.8421
20250623,-449.7567
20250626,-446.9191
20250627,-445.7026
20250630,-444.818
20250701,-445.8921
20250708,-446.9757
20250710,-446.1976
20250711,-447.3218
20250714,-448.4326
20250721,-449.5143
20250725,-451.5143
20250728,-452.7116
20250730,-452.6239
20250805,-451.4624
20250808,-450.1881
20250811,-451.3123
20250814,-452.3992
20250815,-452.0954
20250819,-450.1467
20250820,-450.0844
20250821,-451.1502
20250825,-452.7041
20250902,-453.7703
20250903,-454.8657
20250904,-455.9314
20250908,-455.3271
20250911,-453.964
20250912,-455.0729
20250915,-456.1562
20250917,-456.4097
20250919,-454.2403
20250922,-452.0377
20250924,-453.1911
20250925,-454.2286
20250926,-455.3064
20250930,-456.446
20250930,-458.212
20251001,-459.4028
20251003,-460.5021
20251006,-460.4761
20251015,-461.5102
20251016,-462.6672
20251021,-462.6212
20251027,-457.9898
20251028,-459.1692
20251029,-460.2926
20251030,-461.3832
20251031,-462.4521
20251103,-461.6052
20251106,-461.2995
20251107,-461.0605
20251110,-458.589
20251111,-459.6477
20251117,-460.6918
20251124,-461.7275
20251126,-463.6674
20251128,-461.9541
20251201,-461.765
20251202,-462.8376
20251203,-464.4039
20251211,-465.4604
20251216,-464.7088
20251217,-464.051
20251218,-465.1143
20251219,-466.2067
20251222,-466.148
20251223,-467.2515
20251224,-464.2623
20251230,-464.3325
20251231,-465.8918
20260102,-464.9386
20260106,-466.0967
20260107,-467.1752
20260112,-463.4546
20260114,-464.7373
20260115,-465.7869
20260116,-467.2418
20260120,-466.7651
20260121,-467.8075
20260122,-468.8866
20260123,-468.744
20260127,-467.8348
20260129,-469.0381
20260130,-468.9289
20260204,-469.9661
20260205,-470.9944
20260210,-470.9677
20260211,-472.0628
20260212,-471.1574
20260218,-470.2831
20260219,-469.6715
20260220,-469.4831
20260223,-463.3164
20260304,-462.7912
20260309,-463.8331
20260313,-464.9936
20260316,-466.0368
20260320,-463.0936
20260323,-464.1182
20260330,-462.8891
20260402,-461.2797
20260406,-460.9947
20260407,-460.8302
20260410,-461.981
20260413,-460.3961
20260415,-461.4822
20260416,-461.0671
20260417,-460.5885
20260420,-461.6553
20260421,-462.7166
20260421,-460.7021
20260427,-460.8203
20260429,-460.6724
20260506,-452.1999
20260507,-453.3025
20260508,-453.3048
20260511,-453.1628
20260520,-454.3438
20260521,-455.3807
20260522,-456.4187
20260526,-457.4808
20260529,-458.549
20260602,-460.562
20260603,-462.1705
20260608,-463.2371
20260609,-463.0011
20260610,-461.4218
20260611,-461.3644
20260612,-462.5582
20260615,-463.6235
20260617,-464.7012
20260622,-464.4401
20260624,-463.1263
20260625,-462.5213
20260629,-462.2904
20260701,-463.9701
20260702,-465.0156
20260707,-466.1606
20260708,-467.217
20260710,-462.3456
20260714,-462.3922
20260715,-462.2781
20260716,-463.3926
20260720,-462.9019
20260722,-464.1716
20260724,-465.2493
20260728,-464.9647
20260729,-466.131
20260731,-467.1729
20260731,-468.3373
20260803,-468.0042
20260804,-459.1946
20260807,-460.3134
20260812,-461.4086
20260813,-460.4003
20260818,-461.5367
20260819,-462.5846
20260820,-463.6466
20260821,-464.727
20260826,-465.8131
20260828,-465.5493