day,equity,daily_return,exposure_ratio
20210830,100875.20,0.008752,4.0000
20210831,100177.35,-0.006918,4.0000
20210901,98874.68,-0.013004,4.0000
20210902,98431.20,-0.004485,4.0000
20210903,97915.45,-0.005240,4.0000
20210907,97250.96,-0.006786,4.0000
20210908,96692.07,-0.005747,4.0000
20210909,96275.95,-0.004304,4.0000
20210910,95347.66,-0.009642,4.0000
20210913,95119.90,-0.002389,4.0000
20210914,94836.13,-0.002983,4.0000
20210915,94896.20,0.000633,4.0000
20210916,94514.57,-0.004022,4.0000
20210917,93220.85,-0.013688,4.0000
20210920,92067.80,-0.012369,4.0000
20210921,91439.25,-0.006827,4.0000
20210922,90616.36,-0.008999,4.0000
20210923,88258.49,-0.026020,4.0000
20210924,88728.24,0.005322,4.0000
20210927,87974.96,-0.008490,4.0000
20210928,87495.87,-0.005446,4.0000
20210929,86884.27,-0.006990,4.0000
20210930,85159.79,-0.019848,4.0000
20211001,84076.14,-0.012725,4.0000
20211004,82469.92,-0.019104,4.0000
20211005,81626.68,-0.010225,4.0000
20211006,80830.56,-0.009753,4.0000
20211007,80272.41,-0.006905,4.0000
20211008,80479.25,0.002577,4.0000
20211011,80203.40,-0.003428,4.0000
20211012,79946.65,-0.003201,4.0000
20211013,79273.15,-0.008424,4.0000
20211014,77880.05,-0.017573,4.0000
20211015,77499.33,-0.004888,4.0000
20211018,77299.36,-0.002580,4.0000
20211019,76373.43,-0.011979,4.0000
20211020,76849.56,0.006234,4.0000
20211021,76652.32,-0.002567,4.0000
20211022,77088.10,0.005685,4.0000
20211025,76122.37,-0.012528,4.0000
20211026,75465.85,-0.008625,4.0000
20211027,74852.36,-0.008129,4.0000
20211028,73846.89,-0.013433,4.0000
20211029,72648.64,-0.016226,4.0000
20211101,72081.39,-0.007808,4.0000
20211102,70504.53,-0.021876,4.0000
20211103,72447.93,0.027564,4.0000
20211104,70019.53,-0.033519,4.0000
20211105,68785.94,-0.017618,4.0000
20211108,67898.39,-0.012903,4.0000
20211109,67539.01,-0.005293,4.0000
20211110,66761.78,-0.011508,4.0000
20211111,66450.68,-0.004660,4.0000
20211112,66122.00,-0.004946,4.0000
20211115,66395.27,0.004133,4.0000
20211116,66303.47,-0.001383,4.0000
20211117,65541.15,-0.011497,4.0000
20211118,65299.10,-0.003693,4.0000
20211119,64925.78,-0.005717,4.0000
20211122,64695.34,-0.003549,4.0000
20211123,64424.36,-0.004188,4.0000
20211124,65936.22,0.023467,4.0000
20211126,64290.97,-0.024952,4.0000
20211129,63834.75,-0.007096,4.0000
20211130,62559.76,-0.019973,4.0000
20211201,62390.19,-0.002711,4.0000
20211202,62954.25,0.009041,4.0000
20211203,62504.46,-0.007145,4.0000
20211206,62016.00,-0.007815,4.0000
20211207,61551.86,-0.007484,4.0000
20211208,60772.51,-0.012662,4.0000
20211209,60537.34,-0.003870,4.0000
20211210,60246.23,-0.004809,4.0000
20211213,60505.08,0.004297,4.0000
20211214,60000.35,-0.008342,4.0000
20211215,58936.00,-0.017739,4.0000
20211216,57945.13,-0.016813,4.0000
20211217,57711.98,-0.004024,4.0000
20211220,57196.83,-0.008926,4.0000
20211221,56878.53,-0.005565,4.0000
20211222,56506.15,-0.006547,4.0000
20211223,55486.27,-0.018049,4.0000
20211227,55304.17,-0.003282,4.0000
20211228,54524.15,-0.014104,4.0000
20211229,54204.86,-0.005856,4.0000
20211230,54003.46,-0.003716,4.0000
20211231,53486.24,-0.009578,4.0000
20220103,52598.31,-0.016601,4.0000
20220104,52012.34,-0.011140,4.0000
20220105,51740.83,-0.005220,4.0000
20220106,50955.58,-0.015177,4.0000
20220107,50947.02,-0.000168,4.0000
20220110,50475.83,-0.009249,4.0000
20220111,50005.22,-0.009323,4.0000
20220112,48928.96,-0.021523,4.0000
20220113,48219.01,-0.014510,4.0000
20220114,47717.81,-0.010394,4.0000
20220118,47233.59,-0.010147,4.0000
20220119,46989.33,-0.005171,4.0000
20220120,46727.19,-0.005579,4.0000
20220121,46112.02,-0.013165,4.0000
20220124,45894.20,-0.004724,4.0000
20220125,45051.08,-0.018371,4.0000
20220126,44145.93,-0.020092,4.0000
20220127,43437.08,-0.016057,4.0000
20220128,42716.72,-0.016584,4.0000
20220131,42433.90,-0.006621,4.0000
20220201,41750.05,-0.016116,4.0000
20220202,40996.29,-0.018054,4.0000
20220203,40275.43,-0.017584,4.0000
20220204,40932.93,0.016325,4.0000
20220207,41465.01,0.012999,4.0000
20220208,40936.93,-0.012735,4.0000
20220209,41443.57,0.012376,4.0000
20220210,40575.91,-0.020936,4.0000
20220211,40368.77,-0.005105,4.0000
20220214,40168.16,-0.004969,4.0000
20220215,40307.03,0.003457,4.0000
20220216,39908.84,-0.009879,4.0000
20220217,39707.60,-0.005043,4.0000
20220218,39246.78,-0.011605,4.0000
20220222,38644.79,-0.015339,4.0000
20220223,38477.22,-0.004336,4.0000
20220224,38728.58,0.006533,4.0000
20220225,37883.31,-0.021825,4.0000
20220228,37701.08,-0.004810,4.0000
20220301,38055.37,0.009397,4.0000
20220302,37693.04,-0.009521,4.0000
20220303,37342.53,-0.009299,4.0000
20220304,37382.54,0.001071,4.0000
20220307,36866.89,-0.013794,4.0000
20220308,36336.49,-0.014387,4.0000
20220309,36275.12,-0.001689,4.0000
20220310,35942.79,-0.009161,4.0000
20220311,35802.33,-0.003908,4.0000
20220314,35464.53,-0.009435,4.0000
20220315,35382.21,-0.002321,4.0000
20220316,35193.66,-0.005329,4.0000
20220317,34748.71,-0.012643,4.0000
20220318,34498.08,-0.007213,4.0000
20220321,34295.89,-0.005861,4.0000
20220322,34093.08,-0.005914,4.0000
20220323,34053.78,-0.001153,4.0000
20220324,33751.70,-0.008871,4.0000
20220325,33449.21,-0.008962,4.0000
20220328,33279.20,-0.005083,4.0000
20220329,32727.86,-0.016567,4.0000
20220330,32598.13,-0.003964,4.0000
20220331,32524.21,-0.002268,4.0000
20220401,32486.08,-0.001172,4.0000
20220404,32446.51,-0.001218,4.0000
20220405,32313.99,-0.004084,4.0000
20220406,32112.78,-0.006227,4.0000
20220407,31847.49,-0.008261,4.0000
20220408,31700.83,-0.004605,4.0000
20220411,31510.93,-0.005990,4.0000
20220412,31106.88,-0.012823,4.0000
20220413,30779.16,-0.010535,4.0000
20220414,30683.27,-0.003115,4.0000
20220418,30566.08,-0.003819,4.0000
20220419,30496.11,-0.002289,4.0000
20220420,30262.38,-0.007664,4.0000
20220421,30120.77,-0.004679,4.0000
20220422,29274.01,-0.028112,4.0000
20220425,28728.92,-0.018620,4.0000
20220426,28578.89,-0.005222,4.0000
20220427,27900.32,-0.023743,4.0000
20220428,27817.22,-0.002979,4.0000
20220429,27512.65,-0.010949,4.0000
20220502,27011.60,-0.018212,4.0000
20220503,26927.38,-0.003118,4.0000
20220504,26466.52,-0.017115,4.0000
20220505,26410.95,-0.002100,4.0000
20220506,26290.91,-0.004545,4.0000
20220509,26236.95,-0.002052,4.0000
20220510,25550.55,-0.026162,4.0000
20220511,24628.98,-0.036068,4.0000
20220512,24481.50,-0.005988,4.0000
20220513,24186.52,-0.012049,4.0000
20220516,24077.10,-0.004524,4.0000
20220517,23591.66,-0.020162,4.0000
20220518,23285.82,-0.012964,4.0000
20220519,23152.83,-0.005711,4.0000
20220520,22888.83,-0.011403,4.0000
20220523,22297.33,-0.025842,4.0000
20220524,22146.84,-0.006749,4.0000
20220525,22050.55,-0.004348,4.0000
20220526,21948.25,-0.004639,4.0000
20220527,21771.83,-0.008038,4.0000
20220531,21639.83,-0.006063,4.0000
20220601,21381.14,-0.011954,4.0000
20220602,21101.70,-0.013070,4.0000
20220603,21018.49,-0.003943,4.0000
20220606,20622.75,-0.018828,4.0000
20220607,20673.99,0.002485,4.0000
20220608,20362.54,-0.015065,4.0000
20220609,20501.17,0.006808,4.0000
20220610,20007.61,-0.024075,4.0000
20220613,19982.00,-0.001280,4.0000
20220614,19749.07,-0.011657,4.0000
20220615,19340.65,-0.020681,4.0000
20220616,19333.58,-0.000365,4.0000
20220617,19250.84,-0.004280,4.0000
20220621,19000.98,-0.012979,4.0000
20220622,18943.50,-0.003025,4.0000
20220623,18839.70,-0.005480,4.0000
20220624,18761.24,-0.004164,4.0000
20220627,18675.73,-0.004558,4.0000
20220628,18651.34,-0.001306,4.0000
20220629,18559.09,-0.004946,4.0000
20220630,18479.10,-0.004310,4.0000
20220701,18207.60,-0.014692,4.0000
20220705,18364.35,0.008609,4.0000
20220706,17972.09,-0.021360,4.0000
20220707,17889.98,-0.004569,4.0000
20220708,17663.78,-0.012644,4.0000
20220711,17584.44,-0.004491,4.0000
20220712,17519.63,-0.003686,4.0000
20220713,17461.89,-0.003296,4.0000
20220714,17338.07,-0.007091,4.0000
20220715,17200.56,-0.007931,4.0000
20220718,17185.88,-0.000853,4.0000
20220719,16979.74,-0.011995,4.0000
20220720,16720.08,-0.015292,4.0000
20220721,16359.06,-0.021592,4.0000
20220722,16251.19,-0.006594,4.0000
20220725,16179.61,-0.004404,4.0000
20220726,16239.99,0.003732,4.0000
20220727,16136.12,-0.006396,4.0000
20220728,16088.91,-0.002925,4.0000
20220729,15796.30,-0.018187,4.0000
20220801,15709.94,-0.005467,4.0000
20220802,15570.24,-0.008892,4.0000
20220803,15343.27,-0.014577,4.0000
20220804,14692.12,-0.042439,4.0000
20220805,14595.40,-0.006583,4.0000
20220808,14510.14,-0.005842,4.0000
20220809,14180.43,-0.022723,4.0000
20220810,13966.47,-0.015088,4.0000
20220811,13956.98,-0.000680,4.0000
20220812,13862.71,-0.006754,4.0000
20220815,13685.00,-0.012819,4.0000
20220816,13542.41,-0.010420,4.0000
20220817,13453.06,-0.006598,4.0000
20220818,13139.41,-0.023314,4.0000
20220819,13147.46,0.000612,4.0000
20220822,13051.48,-0.007300,4.0000
20220823,12958.00,-0.007162,4.0000
20220824,12835.40,-0.009462,4.0000
20220825,12749.91,-0.006661,4.0000
20220826,12681.89,-0.005335,4.0000
20220829,12635.91,-0.003625,4.0000
20220830,12582.42,-0.004233,4.0000
20220831,12480.71,-0.008083,4.0000
20220901,12427.72,-0.004246,4.0000
20220902,12326.85,-0.008117,4.0000
20220906,12226.75,-0.008121,4.0000
20220907,12182.20,-0.003644,4.0000
20220908,12127.54,-0.004487,4.0000
20220909,11979.92,-0.012172,4.0000
20220912,11905.94,-0.006175,4.0000
20220913,11709.85,-0.016470,4.0000
20220914,11634.52,-0.006433,4.0000
20220915,11493.77,-0.012098,4.0000
20220916,11470.29,-0.002043,4.0000
20220919,11409.67,-0.005285,4.0000
20220920,11244.89,-0.014442,4.0000
20220921,11084.13,-0.014296,4.0000
20220922,11096.02,0.001073,4.0000
20220923,10945.70,-0.013548,4.0000
20220926,10885.85,-0.005467,4.0000
20220927,10893.59,0.000711,4.0000
20220928,10999.27,0.009701,4.0000
20220929,10953.52,-0.004159,4.0000
20220930,10933.58,-0.001820,4.0000
20221003,10849.24,-0.007714,4.0000
20221004,10816.22,-0.003044,4.0000
20221005,10759.07,-0.005284,4.0000
20221006,10724.07,-0.003253,4.0000
20221007,10660.32,-0.005945,4.0000
20221010,10596.03,-0.006031,4.0000
20221011,10527.24,-0.006491,4.0000
20221012,10403.03,-0.011799,4.0000
20221013,10484.12,0.007795,4.0000
20221014,10370.88,-0.010801,4.0000
20221017,10290.15,-0.007785,4.0000
20221018,10168.36,-0.011835,4.0000
20221019,10030.52,-0.013556,4.0000
20221020,10083.66,0.005298,4.0000
20221021,9978.94,-0.010385,4.0000
20221024,9915.44,-0.006364,4.0000
20221025,9922.29,0.000691,4.0000
20221026,9825.38,-0.009767,4.0000
20221027,9786.39,-0.003968,4.0000
20221028,9544.84,-0.024683,4.0000
20221031,9379.50,-0.017323,4.0000
20221101,9200.70,-0.019062,4.0000
20221102,9056.16,-0.015710,4.0000
20221103,9008.69,-0.005241,4.0000
20221104,8950.28,-0.006484,4.0000
20221107,8856.05,-0.010528,4.0000
20221108,8695.08,-0.018176,4.0000
20221109,8605.65,-0.010286,4.0000
20221110,8436.55,-0.019649,4.0000
20221111,8665.48,0.027135,4.0000
20221114,8607.42,-0.006700,4.0000
20221115,8522.01,-0.009922,4.0000
20221116,8443.93,-0.009162,4.0000
20221117,8363.38,-0.009539,4.0000
20221118,8337.02,-0.003152,4.0000
20221121,8297.91,-0.004691,4.0000
20221122,8263.04,-0.004202,4.0000
20221123,8169.29,-0.011346,4.0000
20221125,8136.50,-0.004014,4.0000
20221128,8102.56,-0.004171,4.0000
20221129,7969.94,-0.016368,4.0000
20221130,7944.13,-0.003237,4.0000
20221201,7846.86,-0.012245,4.0000
20221202,7821.09,-0.003284,4.0000
20221205,7799.55,-0.002753,4.0000
20221206,7665.18,-0.017228,4.0000
20221207,7621.86,-0.005652,4.0000
20221208,7537.91,-0.011015,4.0000
20221209,7404.97,-0.017636,4.0000
20221212,7357.79,-0.006372,4.0000
20221213,7263.95,-0.012754,4.0000
20221214,7227.51,-0.005017,4.0000
20221215,7177.52,-0.006917,4.0000
20221216,7105.69,-0.010007,4.0000
20221219,7039.25,-0.009351,4.0000
20221220,7032.50,-0.000958,4.0000
20221221,6992.28,-0.005719,4.0000
20221222,6957.29,-0.005005,4.0000
20221223,6823.14,-0.019282,4.0000
20221227,6792.64,-0.004470,4.0000
20221228,6754.78,-0.005574,4.0000
20221229,6737.38,-0.002576,4.0000
20221230,6686.56,-0.007543,4.0000
20230103,6612.79,-0.011032,4.0000
20230104,6539.70,-0.011052,4.0000
20230105,6469.49,-0.010737,4.0000
20230106,6367.71,-0.015731,4.0000
20230109,6352.48,-0.002393,4.0000
20230110,6300.54,-0.008176,4.0000
20230111,6225.95,-0.011838,4.0000
20230112,6121.66,-0.016751,4.0000
20230113,6185.54,0.010434,4.0000
20230117,6170.52,-0.002427,4.0000
20230118,6105.66,-0.010512,4.0000
20230119,6065.69,-0.006547,4.0000
20230120,6045.08,-0.003397,4.0000
20230123,5976.26,-0.011384,4.0000
20230124,5889.80,-0.014467,4.0000
20230125,5784.46,-0.017885,4.0000
20230126,5622.91,-0.027929,4.0000
20230127,5569.45,-0.009507,4.0000
20230130,5498.79,-0.012686,4.0000
20230131,5391.94,-0.019433,4.0000
20230201,5365.93,-0.004824,4.0000
20230202,5310.38,-0.010353,4.0000
20230203,5284.00,-0.004967,4.0000
20230206,5206.06,-0.014751,4.0000
20230207,5165.34,-0.007822,4.0000
20230208,5120.66,-0.008650,4.0000
20230209,5106.64,-0.002737,4.0000
20230210,5016.82,-0.017590,4.0000
20230213,5040.35,0.004690,4.0000
20230214,4968.59,-0.014237,4.0000
20230215,4903.33,-0.013134,4.0000
20230216,4800.13,-0.021046,4.0000
20230217,4796.82,-0.000690,4.0000
20230221,4748.27,-0.010122,4.0000
20230222,4694.28,-0.011369,4.0000
20230223,4602.30,-0.019594,4.0000
20230224,4541.65,-0.013179,4.0000
20230227,4499.91,-0.009191,4.0000
20230228,4363.61,-0.030290,4.0000
20230301,4302.29,-0.014052,4.0000
20230302,4236.75,-0.015234,4.0000
20230303,4230.47,-0.001481,4.0000
20230306,4224.94,-0.001308,4.0000
20230307,4165.04,-0.014179,4.0000
20230308,4209.44,0.010661,4.0000
20230309,4209.91,0.000111,4.0000
20230310,4187.11,-0.005416,4.0000
20230313,4155.45,-0.007561,4.0000
20230314,4087.50,-0.016352,4.0000
20230315,4011.37,-0.018625,4.0000
20230316,3951.90,-0.014825,4.0000
20230317,3939.14,-0.003230,4.0000
20230320,3891.45,-0.012106,4.0000
20230321,3861.47,-0.007703,4.0000
20230322,3831.95,-0.007646,4.0000
20230323,3826.66,-0.001381,4.0000
20230324,3803.05,-0.006168,4.0000
20230327,3761.75,-0.010860,4.0000
20230328,3728.53,-0.008831,4.0000
20230329,3717.61,-0.002930,4.0000
20230330,3682.62,-0.009412,4.0000
20230331,3724.48,0.011368,4.0000
20230403,3669.56,-0.014745,4.0000
20230404,3648.74,-0.005674,4.0000
20230405,3628.09,-0.005659,4.0000
20230406,3599.09,-0.007994,4.0000
20230410,3596.14,-0.000819,4.0000
20230411,3571.96,-0.006726,4.0000
20230412,3553.04,-0.005295,4.0000
20230413,3518.97,-0.009589,4.0000
20230414,3502.36,-0.004721,4.0000
20230417,3475.17,-0.007763,4.0000
20230418,3443.44,-0.009129,4.0000
20230419,3412.32,-0.009039,4.0000
20230420,3384.44,-0.008171,4.0000
20230421,3364.90,-0.005773,4.0000
20230424,3349.41,-0.004602,4.0000
20230425,3311.73,-0.011249,4.0000
20230426,3301.14,-0.003200,4.0000
20230427,3266.54,-0.010479,4.0000
20230428,3251.23,-0.004687,4.0000
20230501,3233.69,-0.005394,4.0000
20230502,3188.78,-0.013889,4.0000
20230503,3196.41,0.002393,4.0000
20230504,3157.87,-0.012057,4.0000
20230505,3145.14,-0.004031,4.0000
20230508,3126.91,-0.005798,4.0000
20230509,3099.14,-0.008879,4.0000
20230510,3048.45,-0.016359,4.0000
20230511,3052.72,0.001401,4.0000
20230512,3008.03,-0.014637,4.0000
20230515,2985.04,-0.007642,4.0000
20230516,2938.43,-0.015617,4.0000
20230517,2910.31,-0.009568,4.0000
20230518,2890.20,-0.006912,4.0000
20230519,2881.20,-0.003111,4.0000
20230522,2870.18,-0.003825,4.0000
20230523,2848.80,-0.007450,4.0000
20230524,2822.16,-0.009352,4.0000
20230525,2766.21,-0.019826,4.0000
20230526,2753.70,-0.004521,4.0000
20230530,2717.08,-0.013299,4.0000
20230531,2711.61,-0.002013,4.0000
20230601,2709.14,-0.000909,4.0000
20230602,2655.71,-0.019722,4.0000
20230605,2648.43,-0.002744,4.0000
20230606,2594.12,-0.020505,4.0000
20230607,2574.02,-0.007748,4.0000
20230608,2560.21,-0.005367,4.0000
20230609,2512.86,-0.018493,4.0000
20230612,2519.18,0.002514,4.0000
20230613,2509.37,-0.003894,4.0000
20230614,2484.19,-0.010035,4.0000
20230615,2479.93,-0.001715,4.0000
20230616,2459.32,-0.008309,4.0000
20230620,2438.23,-0.008576,4.0000
20230621,2395.73,-0.017429,4.0000
20230622,2377.90,-0.007443,4.0000
20230623,2377.52,-0.000162,4.0000
20230626,2371.01,-0.002736,4.0000
20230627,2367.03,-0.001680,4.0000
20230628,2351.13,-0.006715,4.0000
20230629,2340.20,-0.004651,4.0000
20230630,2329.91,-0.004398,4.0000
20230703,2326.39,-0.001511,4.0000
20230705,2303.22,-0.009959,4.0000
20230706,2292.74,-0.004550,4.0000
20230707,2263.44,-0.012776,4.0000
20230710,2263.29,-0.000067,4.0000
20230711,2252.89,-0.004596,4.0000
20230712,2244.95,-0.003526,4.0000
20230713,2194.01,-0.022688,4.0000
20230714,2164.06,-0.013650,4.0000
20230717,2150.01,-0.006494,4.0000
20230718,2134.09,-0.007403,4.0000
20230719,2140.86,0.003169,4.0000
20230720,2114.61,-0.012262,4.0000
20230721,2102.24,-0.005847,4.0000
20230724,2070.17,-0.015254,4.0000
20230725,2041.32,-0.013941,4.0000
20230726,2032.29,-0.004419,4.0000
20230727,2016.17,-0.007932,4.0000
20230728,1971.41,-0.022205,4.0000
20230731,1974.06,0.001347,4.0000
20230801,1962.59,-0.005811,4.0000
20230802,1901.63,-0.031060,4.0000
20230803,1863.14,-0.020240,4.0000
20230804,1822.81,-0.021648,4.0000
20230807,1813.38,-0.005175,4.0000
20230808,1783.09,-0.016703,4.0000
20230809,1758.44,-0.013823,4.0000
20230810,1730.71,-0.015770,4.0000
20230811,1708.25,-0.012976,4.0000
20230814,1684.63,-0.013830,4.0000
20230815,1665.10,-0.011591,4.0000
20230816,1621.03,-0.026466,4.0000
20230817,1606.71,-0.008837,4.0000
20230818,1598.86,-0.004882,4.0000
20230821,1589.99,-0.005550,4.0000
20230822,1583.66,-0.003980,4.0000
20230823,1576.75,-0.004362,4.0000
20230824,1591.08,0.009090,4.0000
20230825,1571.16,-0.012523,4.0000
20230828,1558.61,-0.007985,4.0000
20230829,1552.55,-0.003888,4.0000
20230830,1534.93,-0.011348,4.0000
20230831,1529.08,-0.003814,4.0000
20230901,1520.69,-0.005487,4.0000
20230905,1508.05,-0.008312,4.0000
20230906,1499.08,-0.005950,4.0000
20230907,1497.60,-0.000986,4.0000
20230908,1492.58,-0.003354,4.0000
20230911,1481.52,-0.007411,4.0000
20230912,1473.13,-0.005664,4.0000
20230913,1456.09,-0.011564,4.0000
20230914,1445.74,-0.007107,4.0000
20230915,1447.48,0.001204,4.0000
20230918,1442.89,-0.003169,4.0000
20230919,1438.87,-0.002791,4.0000
20230920,1438.18,-0.000478,4.0000
20230921,1413.81,-0.016948,4.0000
20230922,1406.36,-0.005266,4.0000
20230925,1399.23,-0.005072,4.0000
20230926,1384.25,-0.010707,4.0000
20230927,1378.73,-0.003985,4.0000
20230928,1369.06,-0.007009,4.0000
20230929,1368.85,-0.000158,4.0000
20231002,1362.22,-0.004844,4.0000
20231003,1351.98,-0.007513,4.0000
20231004,1344.07,-0.005855,4.0000
20231005,1338.64,-0.004036,4.0000
20231006,1331.37,-0.005433,4.0000
20231009,1323.14,-0.006184,4.0000
20231010,1318.03,-0.003860,4.0000
20231011,1318.58,0.000420,4.0000
20231012,1298.91,-0.014920,4.0000
20231013,1283.84,-0.011601,4.0000
20231016,1277.74,-0.004748,4.0000
20231017,1272.10,-0.004417,4.0000
20231018,1265.86,-0.004909,4.0000
20231019,1260.02,-0.004606,4.0000
20231020,1248.65,-0.009031,4.0000
20231023,1236.28,-0.009902,4.0000
20231024,1234.57,-0.001388,4.0000
20231025,1224.58,-0.008087,4.0000
20231026,1193.24,-0.025592,4.0000
20231027,1160.68,-0.027286,4.0000
20231030,1158.05,-0.002265,4.0000
20231031,1127.18,-0.026660,4.0000
20231101,1107.80,-0.017197,4.0000
20231102,1089.84,-0.016212,4.0000
20231103,1071.05,-0.017237,4.0000
20231106,1040.47,-0.028554,4.0000
20231107,1012.66,-0.026728,4.0000
20231108,991.18,-0.021211,4.0000
20231109,975.49,-0.015825,4.0000
20231110,970.95,-0.004658,4.0000
20231113,960.62,-0.010640,4.0000
20231114,949.28,-0.011798,4.0000
20231115,945.98,-0.003477,4.0000
20231116,936.21,-0.010328,4.0000
20231117,933.44,-0.002963,4.0000
20231120,925.06,-0.008974,4.0000
20231121,906.50,-0.020065,4.0000
20231122,895.35,-0.012301,4.0000
20231124,892.75,-0.002908,4.0000
20231127,888.30,-0.004982,4.0000
20231128,884.71,-0.004042,4.0000
20231129,869.03,-0.017725,4.0000
20231130,859.45,-0.011023,4.0000
20231201,843.74,-0.018275,4.0000
20231204,839.75,-0.004734,4.0000
20231205,828.07,-0.013899,4.0000
20231206,821.91,-0.007439,4.0000
20231207,816.04,-0.007143,4.0000
20231208,810.09,-0.007293,4.0000
20231211,799.78,-0.012734,4.0000
20231212,801.99,0.002764,4.0000
20231213,797.31,-0.005828,4.0000
20231214,782.05,-0.019146,4.0000
20231215,782.47,0.000534,4.0000
20231218,774.27,-0.010480,4.0000
20231219,770.01,-0.005500,4.0000
20231220,761.42,-0.011155,4.0000
20231221,755.55,-0.007701,4.0000
20231222,751.92,-0.004805,4.0000
20231226,748.44,-0.004634,4.0000
20231227,742.52,-0.007914,4.0000
20231228,740.20,-0.003118,4.0000
20231229,737.06,-0.004246,4.0000
20240102,734.31,-0.003726,4.0000
20240103,731.71,-0.003549,4.0000
20240104,728.94,-0.003775,4.0000
20240105,723.80,-0.007054,4.0000
20240108,719.02,-0.006604,4.0000
20240109,715.22,-0.005291,4.0000
20240110,712.00,-0.004492,4.0000
20240111,710.16,-0.002591,4.0000
20240112,706.29,-0.005443,4.0000
20240116,702.83,-0.004911,4.0000
20240117,696.44,-0.009083,4.0000
20240118,686.87,-0.013739,4.0000
20240119,683.85,-0.004403,4.0000
20240122,678.44,-0.007908,4.0000
20240123,664.49,-0.020570,4.0000
20240124,667.60,0.004689,4.0000
20240125,659.03,-0.012837,4.0000
20240126,650.38,-0.013132,4.0000
20240129,646.32,-0.006237,4.0000
20240130,638.83,-0.011591,4.0000
20240131,632.32,-0.010192,4.0000
20240201,616.67,-0.024742,4.0000
20240202,595.61,-0.034157,4.0000
20240205,588.81,-0.011409,4.0000
20240206,585.36,-0.005859,4.0000
20240207,583.19,-0.003710,4.0000
20240208,579.88,-0.005674,4.0000
20240209,579.20,-0.001178,4.0000
20240212,576.80,-0.004138,4.0000
20240213,577.68,0.001527,4.0000
20240214,569.56,-0.014057,4.0000
20240215,561.88,-0.013499,4.0000
20240216,555.65,-0.011082,4.0000
20240220,547.18,-0.015237,4.0000
20240221,542.61,-0.008365,4.0000
20240222,532.59,-0.018450,4.0000
20240223,530.56,-0.003823,4.0000
20240226,527.67,-0.005438,4.0000
20240227,519.53,-0.015428,4.0000
20240228,511.14,-0.016161,4.0000
20240229,504.89,-0.012222,4.0000
20240301,496.57,-0.016467,4.0000
20240304,496.45,-0.000245,4.0000
20240305,493.85,-0.005244,4.0000
20240306,490.73,-0.006324,4.0000
20240307,485.31,-0.011036,4.0000
20240308,476.45,-0.018268,4.0000
20240311,473.03,-0.007159,4.0000
20240312,463.92,-0.019277,4.0000
20240313,461.87,-0.004416,4.0000
20240314,459.14,-0.005899,4.0000
20240315,456.18,-0.006447,4.0000
20240318,453.60,-0.005666,4.0000
20240319,452.71,-0.001959,4.0000
20240320,447.07,-0.012467,4.0000
20240321,441.71,-0.011977,4.0000
20240322,439.00,-0.006147,4.0000
20240325,437.77,-0.002789,4.0000
20240326,435.98,-0.004080,4.0000
20240327,430.21,-0.013235,4.0000
20240328,423.15,-0.016429,4.0000
20240401,415.80,-0.017374,4.0000
20240402,414.15,-0.003954,4.0000
20240403,414.30,0.000368,4.0000
20240404,408.91,-0.013021,4.0000
20240405,403.73,-0.012671,4.0000
20240408,401.37,-0.005833,4.0000
20240409,400.00,-0.003423,4.0000
20240410,398.72,-0.003190,4.0000
20240411,406.04,0.018357,4.0000
20240412,401.51,-0.011169,4.0000
20240415,400.23,-0.003180,4.0000
20240416,398.24,-0.004964,4.0000
20240417,402.81,0.011463,4.0000
20240418,397.66,-0.012795,4.0000
20240419,396.09,-0.003941,4.0000
20240422,393.83,-0.005700,4.0000
20240423,393.34,-0.001247,4.0000
20240424,392.47,-0.002218,4.0000
20240425,386.95,-0.014069,4.0000
20240426,382.94,-0.010348,4.0000
20240429,380.46,-0.006492,4.0000
20240430,377.33,-0.008219,4.0000
20240501,376.11,-0.003227,4.0000
20240502,362.92,-0.035080,4.0000
20240503,357.28,-0.015526,4.0000
20240506,352.44,-0.013539,4.0000
20240507,347.02,-0.015396,4.0000
20240508,344.85,-0.006260,4.0000
20240509,341.42,-0.009938,4.0000
20240510,339.07,-0.006876,4.0000
20240513,338.12,-0.002794,4.0000
20240514,340.09,0.005828,4.0000
20240515,337.65,-0.007189,4.0000
20240516,331.32,-0.018749,4.0000
20240517,328.11,-0.009691,4.0000
20240520,327.79,-0.000976,4.0000
20240521,324.13,-0.011153,4.0000
20240522,321.56,-0.007935,4.0000
20240523,319.84,-0.005344,4.0000
20240524,315.89,-0.012343,4.0000
20240528,313.61,-0.007226,4.0000
20240529,310.55,-0.009756,4.0000
20240530,305.84,-0.015183,4.0000
20240531,304.93,-0.002974,4.0000
20240603,305.74,0.002676,4.0000
20240604,301.98,-0.012299,4.0000
20240605,300.17,-0.005987,4.0000
20240606,298.04,-0.007098,4.0000
20240607,296.55,-0.004997,4.0000
20240610,295.63,-0.003125,4.0000
20240611,291.83,-0.012844,4.0000
20240612,288.42,-0.011683,4.0000
20240613,286.29,-0.007401,4.0000
20240614,285.41,-0.003075,4.0000
20240617,284.06,-0.004724,4.0000
20240618,283.34,-0.002545,4.0000
20240620,279.77,-0.012594,4.0000
20240621,278.78,-0.003540,4.0000
20240624,275.11,-0.013147,4.0000
20240625,272.01,-0.011263,4.0000
20240626,269.60,-0.008878,4.0000
20240627,267.68,-0.007096,4.0000
20240628,264.87,-0.010529,4.0000
20240701,262.55,-0.008732,4.0000
20240702,262.51,-0.000175,4.0000
20240703,260.75,-0.006685,4.0000
20240705,260.38,-0.001438,4.0000
20240708,259.89,-0.001878,4.0000
20240709,256.60,-0.012659,4.0000
20240710,254.62,-0.007698,4.0000
20240711,253.96,-0.002622,4.0000
20240712,251.43,-0.009952,4.0000
20240715,248.36,-0.012212,4.0000
20240716,247.14,-0.004902,4.0000
20240717,245.49,-0.006666,4.0000
20240718,243.77,-0.007014,4.0000
20240719,242.57,-0.004934,4.0000
20240722,242.19,-0.001563,4.0000
20240723,241.96,-0.000932,4.0000
20240724,241.29,-0.002788,4.0000
20240725,236.24,-0.020935,4.0000
20240726,235.10,-0.004815,4.0000
20240729,232.53,-0.010920,4.0000
20240730,232.52,-0.000074,4.0000
20240731,233.14,0.002702,4.0000
20240801,232.66,-0.002081,4.0000
20240802,230.55,-0.009074,4.0000
20240805,229.27,-0.005556,4.0000
20240806,230.28,0.004438,4.0000
20240807,223.88,-0.027804,4.0000
20240808,219.20,-0.020892,4.0000
20240809,216.38,-0.012866,4.0000
20240812,214.13,-0.010416,4.0000
20240813,210.17,-0.018516,4.0000
20240814,208.03,-0.010166,4.0000
20240815,204.52,-0.016863,4.0000
20240816,203.65,-0.004247,4.0000
20240819,202.75,-0.004453,4.0000
20240820,200.85,-0.009329,4.0000
20240821,200.87,0.000060,4.0000
20240822,199.12,-0.008717,4.0000
20240823,200.48,0.006846,4.0000
20240826,199.17,-0.006523,4.0000
20240827,197.27,-0.009558,4.0000
20240828,195.42,-0.009341,4.0000
20240829,192.48,-0.015081,4.0000
20240830,190.68,-0.009353,4.0000
20240903,189.26,-0.007409,4.0000
20240904,192.09,0.014944,4.0000
20240905,190.13,-0.010211,4.0000
20240906,189.11,-0.005344,4.0000
20240909,190.10,0.005183,4.0000
20240910,189.77,-0.001720,4.0000
20240911,189.94,0.000916,4.0000
20240912,186.93,-0.015843,4.0000
20240913,184.58,-0.012586,4.0000
20240916,183.12,-0.007911,4.0000
20240917,182.14,-0.005339,4.0000
20240918,180.57,-0.008642,4.0000
20240919,179.77,-0.004391,4.0000
20240920,180.20,0.002352,4.0000
20240923,179.29,-0.005032,4.0000
20240924,176.42,-0.016015,4.0000
20240925,172.28,-0.023446,4.0000
20240926,171.07,-0.007018,4.0000
20240927,169.24,-0.010701,4.0000
20240930,168.61,-0.003733,4.0000
20241001,165.66,-0.017489,4.0000
20241002,164.02,-0.009919,4.0000
20241003,161.63,-0.014550,4.0000
20241004,160.42,-0.007515,4.0000
20241007,159.30,-0.006972,4.0000
20241008,158.70,-0.003755,4.0000
20241009,159.74,0.006546,4.0000
20241010,157.84,-0.011914,4.0000
20241011,159.86,0.012844,4.0000
20241014,159.55,-0.001997,4.0000
20241015,158.33,-0.007588,4.0000
20241016,155.75,-0.016350,4.0000
20241017,155.04,-0.004509,4.0000
20241018,154.32,-0.004701,4.0000
20241021,153.47,-0.005500,4.0000
20241022,153.35,-0.000736,4.0000
20241023,153.52,0.001093,4.0000
20241024,150.73,-0.018211,4.0000
20241025,151.07,0.002319,4.0000
20241028,149.53,-0.010236,4.0000
20241029,147.28,-0.015060,4.0000
20241030,146.38,-0.006115,4.0000
20241031,145.26,-0.007619,4.0000
20241101,142.73,-0.017435,4.0000
20241104,141.06,-0.011673,4.0000
20241105,140.29,-0.005462,4.0000
20241106,138.74,-0.011040,4.0000
20241107,134.63,-0.029627,4.0000
20241108,132.48,-0.015963,4.0000
20241111,131.30,-0.008947,4.0000
20241112,130.43,-0.006583,4.0000
20241113,131.48,0.008052,4.0000
20241114,129.00,-0.018869,4.0000
20241115,128.85,-0.001159,4.0000
20241118,128.84,-0.000072,4.0000
20241119,127.29,-0.012057,4.0000
20241120,126.31,-0.007738,4.0000
20241121,125.26,-0.008248,4.0000
20241122,123.21,-0.016419,4.0000
20241125,123.36,0.001275,4.0000
20241126,122.87,-0.003991,4.0000
20241127,122.61,-0.002169,4.0000
20241129,121.01,-0.013003,4.0000
20241202,120.65,-0.002946,4.0000
20241203,119.23,-0.011841,4.0000
20241204,118.92,-0.002561,4.0000
20241205,117.13,-0.015091,4.0000
20241206,116.06,-0.009091,4.0000
20241209,117.23,0.010042,4.0000
20241210,116.27,-0.008135,4.0000
20241211,115.19,-0.009295,4.0000
20241212,113.40,-0.015597,4.0000
20241213,112.50,-0.007929,4.0000
20241216,111.95,-0.004876,4.0000
20241217,111.71,-0.002148,4.0000
20241218,112.52,0.007300,4.0000
20241219,112.15,-0.003306,4.0000
20241220,112.05,-0.000926,4.0000
20241223,109.99,-0.018386,4.0000
20241224,110.07,0.000729,4.0000
20241226,109.76,-0.002807,4.0000
20241227,109.36,-0.003650,4.0000
20241230,108.28,-0.009857,4.0000
20241231,107.72,-0.005122,4.0000
20250102,106.08,-0.015270,4.0000
20250103,106.47,0.003638,4.0000
20250106,106.02,-0.004172,4.0000
20250107,105.82,-0.001869,4.0000
20250108,105.66,-0.001559,4.0000
20250110,103.37,-0.021696,4.0000
20250113,102.60,-0.007436,4.0000
20250114,101.39,-0.011776,4.0000
20250115,100.39,-0.009837,4.0000
20250116,100.21,-0.001821,4.0000
20250117,99.58,-0.006257,4.0000
20250121,99.11,-0.004705,4.0000
20250122,97.46,-0.016715,4.0000
20250123,97.91,0.004624,4.0000
20250124,97.53,-0.003818,4.0000
20250127,110.46,0.132567,4.0000
20250128,109.00,-0.013287,4.0000
20250129,108.38,-0.005616,4.0000
20250130,105.56,-0.026070,4.0000
20250131,103.45,-0.019964,4.0000
20250203,102.21,-0.012038,4.0000
20250204,101.35,-0.008379,4.0000
20250205,99.97,-0.013600,4.0000
20250206,99.77,-0.001969,4.0000
20250207,98.07,-0.017128,4.0000
20250210,96.35,-0.017504,4.0000
20250211,94.57,-0.018450,4.0000
20250212,92.60,-0.020877,4.0000
20250213,91.60,-0.010753,4.0000
20250214,90.61,-0.010767,4.0000
20250218,89.24,-0.015167,4.0000
20250219,87.37,-0.020995,4.0000
20250220,87.03,-0.003894,4.0000
20250221,87.21,0.002128,4.0000
20250224,86.77,-0.005090,4.0000
20250225,86.29,-0.005487,4.0000
20250226,84.65,-0.019010,4.0000
20250227,84.22,-0.005152,4.0000
20250228,82.63,-0.018792,4.0000
20250303,81.74,-0.010766,4.0000
20250304,81.65,-0.001159,4.0000
20250305,81.23,-0.005094,4.0000
20250306,80.79,-0.005404,4.0000
20250307,79.75,-0.012968,4.0000
20250310,79.16,-0.007374,4.0000
20250311,80.37,0.015356,4.0000
20250312,79.74,-0.007847,4.0000
20250313,78.42,-0.016566,4.0000
20250314,77.81,-0.007828,4.0000
20250317,76.88,-0.011897,4.0000
20250318,76.72,-0.002059,4.0000
20250319,76.23,-0.006473,4.0000
20250320,76.81,0.007657,4.0000
20250321,76.61,-0.002598,4.0000
20250324,76.35,-0.003423,4.0000
20250325,74.98,-0.017914,4.0000
20250326,76.41,0.019018,4.0000
20250327,76.61,0.002670,4.0000
20250328,75.80,-0.010597,4.0000
20250331,75.29,-0.006707,4.0000
20250401,74.93,-0.004740,4.0000
20250402,74.95,0.000184,4.0000
20250403,76.47,0.020318,4.0000
20250404,76.21,-0.003367,4.0000
20250407,75.31,-0.011856,4.0000
20250408,74.30,-0.013346,4.0000
20250409,74.49,0.002475,4.0000
20250410,73.32,-0.015685,4.0000
20250411,71.35,-0.026926,4.0000
20250414,70.01,-0.018694,4.0000
20250415,69.05,-0.013702,4.0000
20250416,68.76,-0.004251,4.0000
20250417,68.52,-0.003428,4.0000
20250421,67.84,-0.009980,4.0000
20250422,67.44,-0.005867,4.0000
20250423,65.97,-0.021887,4.0000
20250424,64.47,-0.022612,4.0000
20250425,63.64,-0.012904,4.0000
20250428,63.57,-0.001067,4.0000
20250429,63.47,-0.001579,4.0000
20250430,63.26,-0.003316,4.0000
20250501,66.09,0.044681,4.0000
20250502,65.75,-0.005158,4.0000
20250505,65.50,-0.003744,4.0000
20250506,64.66,-0.012832,4.0000
20250507,63.33,-0.020524,4.0000
20250508,62.89,-0.007042,4.0000
20250509,62.71,-0.002884,4.0000
20250512,61.10,-0.025561,4.0000
20250513,60.41,-0.011364,4.0000
20250514,59.92,-0.008154,4.0000
20250515,59.37,-0.009094,4.0000
20250516,58.35,-0.017307,4.0000
20250519,57.32,-0.017549,4.0000
20250520,56.54,-0.013590,4.0000
20250521,55.39,-0.020336,4.0000
20250522,54.52,-0.015665,4.0000
20250523,53.78,-0.013660,4.0000
20250527,53.21,-0.010572,4.0000
20250528,52.93,-0.005334,4.0000
20250529,52.30,-0.011867,4.0000
20250530,51.89,-0.007920,4.0000
20250602,51.39,-0.009612,4.0000
20250603,52.09,0.013677,4.0000
20250604,51.92,-0.003192,4.0000
20250605,50.90,-0.019648,4.0000
20250606,50.24,-0.012942,4.0000
20250609,50.18,-0.001372,4.0000
20250610,49.84,-0.006750,4.0000
20250611,49.01,-0.016668,4.0000
20250612,48.70,-0.006273,4.0000
20250613,48.22,-0.009830,4.0000
20250616,47.91,-0.006327,4.0000
20250617,47.68,-0.004935,4.0000
20250618,47.37,-0.006390,4.0000
20250620,47.04,-0.007022,4.0000
20250623,47.11,0.001484,4.0000
20250624,47.12,0.000199,4.0000
20250625,46.43,-0.014644,4.0000
20250626,45.86,-0.012225,4.0000
20250627,45.61,-0.005449,4.0000
20250630,45.27,-0.007402,4.0000
20250701,44.80,-0.010415,4.0000
20250702,44.49,-0.007023,4.0000
20250703,44.25,-0.005285,4.0000
20250707,43.51,-0.016911,4.0000
20250708,43.30,-0.004820,4.0000
20250709,43.10,-0.004619,4.0000
20250710,42.54,-0.012961,4.0000
20250711,42.10,-0.010169,4.0000
20250714,41.85,-0.005971,4.0000
20250715,41.63,-0.005446,4.0000
20250716,40.99,-0.015283,4.0000
20250717,40.58,-0.009953,4.0000
20250718,40.49,-0.002287,4.0000
20250721,39.77,-0.017635,4.0000
20250722,40.58,0.020295,4.0000
20250723,40.18,-0.010001,4.0000
20250724,39.58,-0.014814,4.0000
20250725,40.81,0.030972,4.0000
20250728,40.44,-0.009055,4.0000
20250729,39.72,-0.017832,4.0000
20250730,39.51,-0.005176,4.0000
20250731,38.96,-0.013919,4.0000
20250801,38.18,-0.019988,4.0000
20250804,37.93,-0.006631,4.0000
20250805,38.13,0.005372,4.0000
20250806,37.96,-0.004441,4.0000
20250807,37.23,-0.019252,4.0000
20250808,37.00,-0.006352,4.0000
20250811,36.67,-0.008877,4.0000
20250812,36.22,-0.012290,4.0000
20250813,35.56,-0.018076,4.0000
20250814,35.10,-0.012954,4.0000
20250815,34.96,-0.003909,4.0000
20250818,34.46,-0.014447,4.0000
20250819,34.76,0.008807,4.0000
20250820,34.69,-0.002066,4.0000
20250821,34.57,-0.003583,4.0000
20250822,34.28,-0.008327,4.0000
20250825,33.96,-0.009327,4.0000
20250826,33.60,-0.010417,4.0000
20250827,32.89,-0.021392,4.0000
20250828,32.93,0.001278,4.0000
20250829,32.75,-0.005401,4.0000
20250902,32.22,-0.016184,4.0000
20250903,32.13,-0.002715,4.0000
20250904,32.12,-0.000537,4.0000
20250905,32.05,-0.002000,4.0000
20250908,31.60,-0.014221,4.0000
20250909,31.65,0.001675,4.0000
20250910,31.41,-0.007518,4.0000
20250911,30.93,-0.015296,4.0000
20250912,30.63,-0.009610,4.0000
20250915,30.41,-0.007167,4.0000
20250916,30.33,-0.002830,4.0000
20250917,30.20,-0.004157,4.0000
20250918,29.90,-0.010050,4.0000
20250919,29.76,-0.004636,4.0000
20250922,29.48,-0.009426,4.0000
20250923,29.38,-0.003203,4.0000
20250924,29.33,-0.001958,4.0000
20250925,29.19,-0.004707,4.0000
20250926,28.72,-0.016083,4.0000
20250929,28.44,-0.009865,4.0000
20250930,28.08,-0.012406,4.0000
20251001,27.75,-0.011888,4.0000
20251002,27.65,-0.003607,4.0000
20251003,27.37,-0.010101,4.0000
20251006,27.35,-0.000594,4.0000
20251007,26.91,-0.016350,4.0000
20251008,26.70,-0.007510,4.0000
20251009,26.65,-0.001955,4.0000
20251010,26.55,-0.003931,4.0000
20251013,26.28,-0.010079,4.0000
20251014,26.05,-0.008903,4.0000
20251015,25.67,-0.014585,4.0000
20251016,25.36,-0.012000,4.0000
20251017,24.93,-0.016890,4.0000
20251020,24.78,-0.005920,4.0000
20251021,24.77,-0.000276,4.0000
20251022,24.53,-0.010052,4.0000
20251023,24.42,-0.004484,4.0000
20251024,24.01,-0.016527,4.0000
20251027,23.56,-0.018708,4.0000
20251028,23.24,-0.013768,4.0000
20251029,23.01,-0.009876,4.0000
20251030,22.51,-0.021594,4.0000
20251031,22.37,-0.006228,4.0000
20251103,21.97,-0.017937,4.0000
20251104,21.57,-0.018019,4.0000
20251105,21.32,-0.011863,4.0000
20251106,21.30,-0.000977,4.0000
20251107,21.26,-0.001919,4.0000
20251110,20.93,-0.015476,4.0000
20251111,20.87,-0.002661,4.0000
20251112,20.48,-0.018955,4.0000
20251113,20.39,-0.004005,4.0000
20251114,20.23,-0.008273,4.0000
20251117,20.12,-0.005195,4.0000
20251118,19.82,-0.015193,4.0000
20251119,19.73,-0.004209,4.0000
20251120,19.71,-0.001291,4.0000
20251121,19.69,-0.001052,4.0000
20251124,19.61,-0.003841,4.0000
20251125,19.71,0.005277,4.0000
20251126,19.62,-0.004567,4.0000
20251128,19.40,-0.011409,4.0000
20251201,19.28,-0.006408,4.0000
20251202,19.19,-0.004247,4.0000
20251203,19.27,0.004068,4.0000
20251204,18.74,-0.027374,4.0000
20251205,18.62,-0.006540,4.0000
20251208,18.46,-0.008927,4.0000
20251209,18.21,-0.013111,4.0000
20251210,17.94,-0.014956,4.0000
20251211,17.84,-0.005603,4.0000
20251212,17.69,-0.008563,4.0000
20251215,17.45,-0.013349,4.0000
20251216,17.42,-0.002039,4.0000
20251217,17.43,0.000633,4.0000
20251218,17.22,-0.011604,4.0000
20251219,17.20,-0.001290,4.0000
20251222,17.05,-0.009072,4.0000
20251223,16.94,-0.006483,4.0000
20251224,16.79,-0.008384,4.0000
20251226,16.69,-0.006419,4.0000
20251229,16.57,-0.007128,4.0000
20251230,16.47,-0.005669,4.0000
20251231,16.41,-0.003542,4.0000
20260102,16.29,-0.007560,4.0000
20260105,16.01,-0.017434,4.0000
20260106,15.72,-0.017728,4.0000
20260107,15.52,-0.013092,4.0000
20260108,15.46,-0.003533,4.0000
20260109,15.34,-0.007797,4.0000
20260112,15.23,-0.007152,4.0000
20260113,15.02,-0.013770,4.0000
20260114,15.03,0.000547,4.0000
20260115,14.79,-0.015761,4.0000
20260116,14.77,-0.001741,4.0000
20260120,14.74,-0.002169,4.0000
20260121,14.56,-0.011798,4.0000
20260122,14.51,-0.003851,4.0000
20260123,14.46,-0.003345,4.0000
20260126,14.34,-0.008358,4.0000
20260127,14.35,0.001149,4.0000
20260128,14.10,-0.017289,4.0000
20260129,13.85,-0.017846,4.0000
20260130,14.06,0.015241,4.0000
20260202,14.02,-0.003413,4.0000
20260203,13.90,-0.008189,4.0000
20260204,13.52,-0.027292,4.0000
20260205,13.20,-0.023958,4.0000
20260206,13.33,0.010304,4.0000
20260209,13.04,-0.022280,4.0000
20260210,12.89,-0.011667,4.0000
20260211,12.69,-0.015131,4.0000
20260212,12.54,-0.012142,4.0000
20260213,12.30,-0.018765,4.0000
20260217,12.14,-0.013269,4.0000
20260218,12.02,-0.009764,4.0000
20260219,11.93,-0.007746,4.0000
20260220,11.80,-0.010859,4.0000
20260223,11.58,-0.018399,4.0000
20260224,11.52,-0.005036,4.0000
20260225,11.47,-0.004829,4.0000
20260226,11.44,-0.002241,4.0000
20260227,11.44,0.000158,4.0000
20260302,11.17,-0.023431,4.0000
20260303,10.94,-0.020597,4.0000
20260304,10.77,-0.016148,4.0000
20260305,10.72,-0.004638,4.0000
20260306,10.61,-0.009823,4.0000
20260309,10.43,-0.017120,4.0000
20260310,10.21,-0.021372,4.0000
20260311,10.17,-0.003658,4.0000
20260312,10.02,-0.014936,4.0000
20260313,9.97,-0.004919,4.0000
20260316,9.79,-0.017852,4.0000
20260317,9.82,0.002719,4.0000
20260318,9.74,-0.008118,4.0000
20260319,9.60,-0.014278,4.0000
20260320,9.63,0.003299,4.0000
20260323,9.60,-0.003425,4.0000
20260324,9.55,-0.004876,4.0000
20260325,9.54,-0.000623,4.0000
20260326,9.51,-0.003867,4.0000
20260327,9.33,-0.019034,4.0000
20260330,9.26,-0.007333,4.0000
20260331,9.23,-0.002549,4.0000
20260401,9.14,-0.009895,4.0000
20260402,9.07,-0.008031,4.0000
20260406,9.04,-0.003610,4.0000
20260407,9.01,-0.003416,4.0000
20260408,8.94,-0.007671,4.0000
20260409,8.91,-0.002808,4.0000
20260410,8.89,-0.002378,4.0000
20260413,8.99,0.011210,4.0000
20260414,8.88,-0.012391,4.0000
20260415,8.83,-0.005921,4.0000
20260416,8.79,-0.003856,4.0000
20260417,8.77,-0.002577,4.0000
20260420,8.73,-0.004164,4.0000
20260421,8.62,-0.013015,4.0000
20260422,8.59,-0.003124,4.0000
20260423,8.62,0.002645,4.0000
20260424,8.34,-0.031709,4.0000
20260427,8.21,-0.016296,4.0000
20260428,8.11,-0.011872,4.0000
20260429,7.94,-0.020319,4.0000
20260430,7.84,-0.012760,4.0000
20260501,7.64,-0.025343,4.0000
20260504,7.66,0.001580,4.0000
20260505,7.60,-0.006837,4.0000
20260506,7.50,-0.014117,4.0000
20260507,7.29,-0.027994,4.0000
20260508,7.19,-0.012753,4.0000
20260511,7.28,0.011495,4.0000
20260512,7.20,-0.010411,4.0000
20260513,7.18,-0.003077,4.0000
20260514,7.06,-0.016285,4.0000
20260515,7.01,-0.006987,4.0000
20260518,6.97,-0.005799,4.0000
20260519,6.94,-0.004123,4.0000
20260520,6.87,-0.010828,4.0000
20260521,6.82,-0.007343,4.0000
20260522,6.75,-0.009315,4.0000
20260526,6.62,-0.019461,4.0000
20260527,6.51,-0.017009,4.0000
20260528,6.45,-0.008980,4.0000
20260529,6.50,0.007635,4.0000
20260601,6.47,-0.005279,4.0000
20260602,6.43,-0.005470,4.0000
20260603,6.35,-0.012334,4.0000
20260604,6.35,0.000109,4.0000
20260605,6.40,0.007138,4.0000
20260608,6.38,-0.002142,4.0000
20260609,6.31,-0.011769,4.0000
20260610,6.23,-0.012178,4.0000
20260611,6.21,-0.003672,4.0000
20260612,6.16,-0.007334,4.0000
20260615,6.13,-0.004866,4.0000
20260616,6.03,-0.017559,4.0000
20260617,6.11,0.014747,4.0000
20260618,6.09,-0.003304,4.0000
20260622,6.04,-0.008902,4.0000
20260623,5.94,-0.015806,4.0000
20260624,5.91,-0.006118,4.0000
20260625,5.88,-0.003969,4.0000
20260626,5.83,-0.008499,4.0000
20260629,5.81,-0.004368,4.0000
20260630,5.81,-0.000348,4.0000
20260701,5.78,-0.003944,4.0000
20260702,5.75,-0.005702,4.0000
20260706,5.70,-0.008980,4.0000
20260707,5.66,-0.006683,4.0000
20260708,5.64,-0.004000,4.0000
20260709,5.59,-0.008278,4.0000
20260710,5.52,-0.013543,4.0000
20260713,5.49,-0.005410,4.0000
20260714,5.38,-0.020155,4.0000
20260715,5.29,-0.015648,4.0000
20260716,5.29,-0.001203,4.0000
20260717,5.26,-0.005598,4.0000
20260720,5.15,-0.020063,4.0000
20260721,5.09,-0.012641,4.0000
20260722,5.01,-0.013956,4.0000
20260723,4.95,-0.013025,4.0000
20260724,4.90,-0.010850,4.0000
20260727,4.86,-0.007533,4.0000
20260728,4.77,-0.017961,4.0000
20260729,4.72,-0.010801,4.0000
20260730,4.65,-0.014628,4.0000
20260731,4.57,-0.016780,4.0000
20260803,4.52,-0.011652,4.0000
20260804,4.49,-0.006641,4.0000
20260805,4.44,-0.010494,4.0000
20260806,4.62,0.039953,4.0000
20260807,4.67,0.011966,4.0000
20260810,4.64,-0.007830,4.0000
20260811,4.60,-0.007439,4.0000
20260812,4.55,-0.011439,4.0000
20260813,4.56,0.002319,4.0000
20260814,4.54,-0.005143,4.0000
20260817,4.54,-0.000189,4.0000
20260818,4.52,-0.004827,4.0000
20260819,4.57,0.012193,4.0000
20260820,4.51,-0.012969,4.0000
20260821,4.50,-0.003490,4.0000
20260824,4.43,-0.013557,4.0000
20260825,4.37,-0.015645,4.0000
20260826,4.34,-0.006451,4.0000
20260827,4.29,-0.011712,4.0000
20260828,4.19,-0.022976,4.0000
